company_id,facility_id
CMP_C0F37A6B81,FAC_47F766A34A
CMP_C0F37A6B81,FAC_68CBC54B49
CMP_C0F37A6B81,FAC_2AECF906BD
CMP_C0F37A6B81,FAC_0225477987
CMP_C0F37A6B81,FAC_06B25EA562
CMP_8D061C055A,FAC_33972EFC18
CMP_8D061C055A,FAC_49FAAFCB89
CMP_8D061C055A,FAC_6405C44F1A
CMP_8D061C055A,FAC_DA7C5EEC88
CMP_8D061C055A,FAC_AFC7EC8AEA
CMP_8D061C055A,FAC_325CAF4D74
CMP_2EDF1CC4FF,FAC_0A46B640E1
CMP_2EDF1CC4FF,FAC_A6FDF4857D
CMP_2EDF1CC4FF,FAC_BBD7E818B3
CMP_2EDF1CC4FF,FAC_1F1B660EED
CMP_2EDF1CC4FF,FAC_2B3148B280
CMP_2EDF1CC4FF,FAC_F5FADBCE16
CMP_2EDF1CC4FF,FAC_B73074F50B
CMP_2EDF1CC4FF,FAC_CBE4864AEC
CMP_2EDF1CC4FF,FAC_2277E20E83
CMP_2EDF1CC4FF,FAC_49E913A92E
CMP_2EDF1CC4FF,FAC_7348D8A2ED
CMP_2EDF1CC4FF,FAC_B029A1B686
CMP_7B534F4385,FAC_8FE96F74B4
CMP_7B534F4385,FAC_359A9AF431
CMP_7B534F4385,FAC_D6D688E52C
CMP_7B534F4385,FAC_7DCDA6DA50
CMP_7B534F4385,FAC_0EE0DE2238
CMP_7B534F4385,FAC_E7F5F1C078
CMP_7B534F4385,FAC_7FA0A6D87B
CMP_2BE168B6F7,FAC_80877F5556
CMP_2BE168B6F7,FAC_9C5AE6631C
CMP_2BE168B6F7,FAC_51B0844EB5
CMP_2BE168B6F7,FAC_AB75D4CAE1
CMP_2BE168B6F7,FAC_BE3F17CEAE
CMP_2BE168B6F7,FAC_38454E7DA5
CMP_2BE168B6F7,FAC_77ADD9850F
CMP_2BE168B6F7,FAC_C487630E13
CMP_2BE168B6F7,FAC_B41170A9B2
CMP_2BE168B6F7,FAC_D3F299FBA0
CMP_2BE168B6F7,FAC_678DAD8DE7
CMP_A8190D6C52,FAC_028B477149
CMP_A8190D6C52,FAC_D31D00FC19
CMP_A8190D6C52,FAC_B969317EAD
CMP_A8190D6C52,FAC_C66668847D
CMP_EEE41749BF,FAC_F720453B90
CMP_EEE41749BF,FAC_954AC8B515
CMP_EEE41749BF,FAC_B0EE150FD4
CMP_EEE41749BF,FAC_FBA177AD5B
CMP_EEE41749BF,FAC_56F2A388A5
CMP_EEE41749BF,FAC_9263708BDE
CMP_EEE41749BF,FAC_5618DC5D8E
CMP_EEE41749BF,FAC_5A9981C424
CMP_EEE41749BF,FAC_D77BFF1065
CMP_EEE41749BF,FAC_866A7897B6
CMP_EEE41749BF,FAC_1087751CFB
CMP_EEE41749BF,FAC_4FEC109D5A
CMP_E3D0042212,FAC_BA8C3B38DB
CMP_E3D0042212,FAC_2F48EBA692
CMP_E3D0042212,FAC_AA1FD5F453
CMP_E3D0042212,FAC_74514C5290
CMP_E3D0042212,FAC_B53B0A64A2
CMP_3C0D1115CC,FAC_676E2C1070
CMP_3C0D1115CC,FAC_25870541AC
CMP_3C0D1115CC,FAC_F697D528EC
CMP_3C0D1115CC,FAC_0616BC38C3
CMP_0AD90D3AF3,FAC_F82630CAC8
CMP_0AD90D3AF3,FAC_5931CB2A9A
CMP_0AD90D3AF3,FAC_198E8695B5
CMP_0AD90D3AF3,FAC_FD1DE15D4C
CMP_0AD90D3AF3,FAC_5334B7773C
CMP_0AD90D3AF3,FAC_B69DF58ED7
CMP_0AD90D3AF3,FAC_5FF75359A9
CMP_0AD90D3AF3,FAC_31CC6590F0
CMP_840988CE71,FAC_D3D188657D
CMP_840988CE71,FAC_6CCACF42A5
CMP_840988CE71,FAC_DCD4A77173
CMP_840988CE71,FAC_33F3A3A4E5
CMP_840988CE71,FAC_F3A4D3BBA9
CMP_840988CE71,FAC_7238F4CE06
CMP_840988CE71,FAC_71CE980D33
CMP_840988CE71,FAC_1162578643
CMP_840988CE71,FAC_38A6A80B45
CMP_840988CE71,FAC_E46C1D5C94
CMP_20D976EB92,FAC_28B708C343
CMP_20D976EB92,FAC_6D90BFFE12
CMP_20D976EB92,FAC_8AF3D942E3
CMP_20D976EB92,FAC_B79EFC8A21
CMP_20D976EB92,FAC_D12720CBF0
CMP_D34342A5EA,FAC_0FB24CE49D
CMP_D34342A5EA,FAC_F768138704
CMP_D34342A5EA,FAC_78FBC9A813
CMP_D34342A5EA,FAC_3662B5EAD3
CMP_D34342A5EA,FAC_237D5AFD4A
CMP_B3795EF26A,FAC_7F07075AEC
CMP_B3795EF26A,FAC_6C19C57D3B
CMP_B3795EF26A,FAC_C51228AEFA
CMP_B3795EF26A,FAC_A26342DC79
CMP_B3795EF26A,FAC_5737E27836
CMP_B3795EF26A,FAC_8431C2AD0E
CMP_B3795EF26A,FAC_233C8F7E9E
CMP_B3795EF26A,FAC_DB689E5920
CMP_B3795EF26A,FAC_8F0C7B4B64
CMP_4C841A321D,FAC_EF585F1AAB
CMP_4C841A321D,FAC_FD9ECAA372
CMP_4C841A321D,FAC_2F52B99AFC
CMP_4C841A321D,FAC_2934C49CFE
CMP_4C841A321D,FAC_E469D564D9
CMP_4C841A321D,FAC_B621FDF8EB
CMP_4C841A321D,FAC_4B73D9487A
CMP_4E8359AF2D,FAC_2C9C86A49C
CMP_4E8359AF2D,FAC_FEB73839CA
CMP_4E8359AF2D,FAC_2D6959D691
CMP_4E8359AF2D,FAC_84D939162B
CMP_2BC52CE864,FAC_1576B09D19
CMP_2BC52CE864,FAC_37F14812BA
CMP_2BC52CE864,FAC_5E248BD4D5
CMP_2BC52CE864,FAC_D833E762C2
CMP_2BC52CE864,FAC_BA6E3B206D
CMP_B8DD996FD2,FAC_58A2D62FC1
CMP_B8DD996FD2,FAC_A81A5BB2CD
CMP_B8DD996FD2,FAC_99B4DE0643
CMP_B8DD996FD2,FAC_5E76BBA65B
CMP_B8DD996FD2,FAC_B82D1D983B
CMP_B8DD996FD2,FAC_1459B5FA30
CMP_B8DD996FD2,FAC_281DD38011
CMP_A4DAD80AE6,FAC_5BE56411B1
CMP_A4DAD80AE6,FAC_DB97F498DD
CMP_A4DAD80AE6,FAC_A9613D21B3
CMP_A4DAD80AE6,FAC_5D872675C0
CMP_1C7A698CF5,FAC_65C63CCF78
CMP_1C7A698CF5,FAC_55B35093F6
CMP_A88B97EA73,FAC_34DF41B3E7
CMP_DDAB66BFFB,FAC_E353DAE88B
CMP_DDAB66BFFB,FAC_65105E69A2
CMP_DDAB66BFFB,FAC_BEEF72FBB4
CMP_DDAB66BFFB,FAC_435597DD24
CMP_DDAB66BFFB,FAC_E86611603E
CMP_DDAB66BFFB,FAC_D6554FC076
CMP_DDAB66BFFB,FAC_CB66D717A0
CMP_DDAB66BFFB,FAC_29D73475C6
CMP_DDAB66BFFB,FAC_8367B04086
CMP_1E119EC65D,FAC_53FA2FDDCA
CMP_1E119EC65D,FAC_3C289DAFDD
CMP_1E119EC65D,FAC_FBCDEFACAE
CMP_1E119EC65D,FAC_95A119B941
CMP_0015E8E1C5,FAC_D973F173F5
CMP_0015E8E1C5,FAC_090E4480EC
CMP_0015E8E1C5,FAC_76A530EF99
CMP_0015E8E1C5,FAC_EBE2C16CDE
CMP_0015E8E1C5,FAC_1FA53ACEB0
CMP_0015E8E1C5,FAC_90A8535442
CMP_0015E8E1C5,FAC_D8FEC6832B
CMP_716066134F,FAC_4AE67622A2
CMP_716066134F,FAC_65A9C3D893
CMP_716066134F,FAC_80F41B4F2B
CMP_716066134F,FAC_C1B8B898E0
CMP_ADC0B43E28,FAC_96C4BE7ADE
CMP_ADC0B43E28,FAC_2480B3CBAD
CMP_ADC0B43E28,FAC_643F73A55C
CMP_ADC0B43E28,FAC_980C46F362
CMP_ADC0B43E28,FAC_F8B307009C
CMP_ADC0B43E28,FAC_593BCF6B43
CMP_ADC0B43E28,FAC_010A252C76
CMP_ADC0B43E28,FAC_1A4DD02BDA
CMP_ADC0B43E28,FAC_7F233AE034
CMP_ADC0B43E28,FAC_E1F100E863
CMP_ADC0B43E28,FAC_7477796A99
CMP_8FB41FE7B5,FAC_6023F0E778
CMP_260969A476,FAC_0049348B16
CMP_260969A476,FAC_D1DCA693F7
CMP_260969A476,FAC_B7ABD46968
CMP_260969A476,FAC_7EFD3092DF
CMP_260969A476,FAC_52B11DEC2A
CMP_260969A476,FAC_204A6204B2
CMP_260969A476,FAC_B67E05AEA8
CMP_260969A476,FAC_0655842232
CMP_F621BFBD0C,FAC_70F735E62B
CMP_C7D09EDD93,FAC_20CB04EF2D
CMP_C7D09EDD93,FAC_DB2455688C
CMP_C7D09EDD93,FAC_BC30F29D3B
CMP_80EE69C006,FAC_59FDF2BF04
CMP_80EE69C006,FAC_94906B9A32
CMP_80EE69C006,FAC_58937B9492
CMP_8348CD49CF,FAC_054D36629E
CMP_8348CD49CF,FAC_7DD2C20E65
CMP_8348CD49CF,FAC_16386FEAD0
CMP_8348CD49CF,FAC_2FE78BBD16
CMP_8348CD49CF,FAC_992673591F
CMP_8348CD49CF,FAC_D76C7A081D
CMP_8348CD49CF,FAC_C96BB4DDB2
CMP_8348CD49CF,FAC_0E86331221
CMP_8348CD49CF,FAC_166FB60D41
CMP_8348CD49CF,FAC_30E1B64DB4
CMP_5B256B84F5,FAC_B746D6613E
CMP_5B256B84F5,FAC_2EAC231189
CMP_5B256B84F5,FAC_F5080BEC22
CMP_5B256B84F5,FAC_3D53E52391
CMP_5B256B84F5,FAC_1B5309EF8A
CMP_5B256B84F5,FAC_82ED61A6B9
CMP_5B256B84F5,FAC_E79A23506A
CMP_5B256B84F5,FAC_7E249C5107
CMP_35DBC20894,FAC_74E25BF883
CMP_35DBC20894,FAC_7124E78F9C
CMP_35DBC20894,FAC_A95B2667A2
CMP_35DBC20894,FAC_66C18F9E4D
CMP_35DBC20894,FAC_8A03E08199
CMP_35DBC20894,FAC_38252B771E
CMP_35DBC20894,FAC_E6CFF12AD0
CMP_35DBC20894,FAC_14403F733D
CMP_516529F2E6,FAC_AF3DC4A951
CMP_516529F2E6,FAC_FBFD35A78C
CMP_516529F2E6,FAC_FEBB72A07A
CMP_516529F2E6,FAC_5302F340CB
CMP_516529F2E6,FAC_B7870160CD
CMP_516529F2E6,FAC_9B36B7546F
CMP_D9950F4071,FAC_7F6D386AF1
CMP_D9950F4071,FAC_1A7CA7AD7A
CMP_CCF1DBF440,FAC_B1DE287234
CMP_CCF1DBF440,FAC_65CFC68AE8
CMP_CCF1DBF440,FAC_4E25D6AE4A
CMP_CCF1DBF440,FAC_3D43AB18F3
CMP_CCF1DBF440,FAC_3963C1F053
CMP_CCF1DBF440,FAC_3FFF95A0EA
CMP_CCF1DBF440,FAC_363AF0F00D
CMP_CCF1DBF440,FAC_EA681A2CD8
CMP_CCF1DBF440,FAC_93899BF217
CMP_CCF1DBF440,FAC_2BF95EAEAE
CMP_CCF1DBF440,FAC_68CABCBD4C
CMP_170D21F599,FAC_B5C49C596B
CMP_170D21F599,FAC_969AFC26C1
CMP_170D21F599,FAC_F153031392
CMP_170D21F599,FAC_127170C979
CMP_170D21F599,FAC_7BC8CAE11E
CMP_F78835AB87,FAC_FFB7965F25
CMP_F78835AB87,FAC_53E830A30A
CMP_AE1F4B0C2D,FAC_1B226B43CF
CMP_AE1F4B0C2D,FAC_7479F39162
CMP_AE1F4B0C2D,FAC_AE7A20BDC8
CMP_AE1F4B0C2D,FAC_D30FF8A430
CMP_AE1F4B0C2D,FAC_3B58269FC1
CMP_AE1F4B0C2D,FAC_69F0BEA8D8
CMP_46F05B612F,FAC_3D8D2826B6
CMP_46F05B612F,FAC_9A22E87504
CMP_46F05B612F,FAC_D58A741C00
CMP_46F05B612F,FAC_A9EA65F1DB
CMP_46F05B612F,FAC_ADD33E482E
CMP_46F05B612F,FAC_039B3E3376
CMP_46F05B612F,FAC_EA3147E680
CMP_FB0E6980A9,FAC_604715A49A
CMP_FB0E6980A9,FAC_179FCB281B
CMP_FB0E6980A9,FAC_EB446AFBA3
CMP_FB0E6980A9,FAC_C5AF4ED4FF
CMP_FB0E6980A9,FAC_5421C247AA
CMP_FB0E6980A9,FAC_AD787ACE99
CMP_A60C55A938,FAC_D21C8D219D
CMP_A60C55A938,FAC_DAFCECBD10
CMP_A60C55A938,FAC_665BD85C8E
CMP_A60C55A938,FAC_644423EC02
CMP_A60C55A938,FAC_901FCACE68
CMP_A60C55A938,FAC_2F489FF9BE
CMP_A60C55A938,FAC_C83A91DADF
CMP_A60C55A938,FAC_2C831E28CA
CMP_A60C55A938,FAC_B2EAD69C71
CMP_A60C55A938,FAC_08FAC61EAF
CMP_A60C55A938,FAC_46A927E4F6
CMP_2121120B30,FAC_2C720ABD6A
CMP_2121120B30,FAC_26B3339CFE
CMP_2121120B30,FAC_9BFF86331A
CMP_2121120B30,FAC_84652DE6A8
CMP_2121120B30,FAC_8975182140
CMP_2121120B30,FAC_C4D73D12D6
CMP_2121120B30,FAC_A01F51A4AE
CMP_2121120B30,FAC_0813AD8D8C
CMP_2121120B30,FAC_D4884BED0D
CMP_2121120B30,FAC_8BC5EFACEB
CMP_2121120B30,FAC_9189D5747B
CMP_2121120B30,FAC_1ECB5F8D4C
CMP_4DF5E535FA,FAC_59742BBBF6
CMP_4DF5E535FA,FAC_D39D9AA1D6
CMP_F8FE6E3069,FAC_622D9634B0
CMP_F8FE6E3069,FAC_988FA531D8
CMP_F8FE6E3069,FAC_9E8B6824A0
CMP_F8FE6E3069,FAC_274B071412
CMP_F8FE6E3069,FAC_DF02F3A140
CMP_F8FE6E3069,FAC_38E30D7ED6
CMP_F8FE6E3069,FAC_E0A743349D
CMP_F8FE6E3069,FAC_FFC2A7FD21
CMP_F8FE6E3069,FAC_47D26094F1
CMP_F8FE6E3069,FAC_64144422B5
CMP_702D3352B3,FAC_84C5C589FF
CMP_702D3352B3,FAC_6D42ED05B1
CMP_702D3352B3,FAC_24EC9ABEE4
CMP_702D3352B3,FAC_A5DA29EDDB
CMP_702D3352B3,FAC_0524249575
CMP_702D3352B3,FAC_4C378BB29B
CMP_702D3352B3,FAC_30D42819D3
CMP_702D3352B3,FAC_B382D96AA9
CMP_702D3352B3,FAC_16576F242B
CMP_702D3352B3,FAC_095690C5DE
CMP_702D3352B3,FAC_4EBA6FBF3C
CMP_702D3352B3,FAC_2758689364
CMP_9456CA20CE,FAC_C4916935DD
CMP_9456CA20CE,FAC_9AF1427C07
CMP_9456CA20CE,FAC_9CCB18D4C4
CMP_9456CA20CE,FAC_5F5122F99B
CMP_9456CA20CE,FAC_D10F065A84
CMP_3365A2CE76,FAC_87522A7096
CMP_3365A2CE76,FAC_BEA2CDB0A7
CMP_3365A2CE76,FAC_D68FD321CB
CMP_3365A2CE76,FAC_BDC4139F9E
CMP_3365A2CE76,FAC_869B02BF63
CMP_3365A2CE76,FAC_A737669253
CMP_C19A8A7233,FAC_C647D11DFD
CMP_C19A8A7233,FAC_47690C5233
CMP_C19A8A7233,FAC_55453059D8
CMP_C19A8A7233,FAC_B4B01C3F5C
CMP_C19A8A7233,FAC_55D5073414
CMP_88F337745C,FAC_F504BC2F5F
CMP_88F337745C,FAC_9326B1B3C0
CMP_88F337745C,FAC_234197EA18
CMP_88F337745C,FAC_BB40DD7340
CMP_88F337745C,FAC_C9AF8EA688
CMP_88F337745C,FAC_94C2736062
CMP_88F337745C,FAC_AE1969D08A
CMP_88F337745C,FAC_0E2ED041DB
CMP_88F337745C,FAC_FBB7E78D96
CMP_88F337745C,FAC_C2FA28BA69
CMP_88F337745C,FAC_7677429324
CMP_88F337745C,FAC_7E3B4B6F9A
CMP_FD9F9D4A42,FAC_8AF1E0BFE2
CMP_FD9F9D4A42,FAC_00A466C0A4
CMP_FD9F9D4A42,FAC_1AF4473B37
CMP_FD9F9D4A42,FAC_AF79170A9E
CMP_FD9F9D4A42,FAC_AF219790ED
CMP_FD9F9D4A42,FAC_90B1D80003
CMP_1C8DE79849,FAC_01721615E3
CMP_4527AD61B2,FAC_6EA92C3509
CMP_4527AD61B2,FAC_0980528EC8
CMP_4527AD61B2,FAC_318BE22850
CMP_4527AD61B2,FAC_7DE93C2D7C
CMP_4527AD61B2,FAC_4EC224E3A3
CMP_4527AD61B2,FAC_73C6251FF0
CMP_4527AD61B2,FAC_EEDE74668F
CMP_4527AD61B2,FAC_4BDF80CE9A
CMP_10EBA714B1,FAC_4751196626
CMP_6CD4B45F3C,FAC_FB241EFE36
CMP_6CD4B45F3C,FAC_2A69E9037A
CMP_A1AC677178,FAC_D8EE3B28F7
CMP_A1AC677178,FAC_AE32B02ACF
CMP_A1AC677178,FAC_86789E5C5F
CMP_A1AC677178,FAC_92066DAECD
CMP_A1AC677178,FAC_A2831D81E3
CMP_A1AC677178,FAC_E79AFBC282
CMP_A1AC677178,FAC_526DF195E7
CMP_A1AC677178,FAC_F3690C895F
CMP_A1AC677178,FAC_7AA2DF6F83
CMP_A1AC677178,FAC_8D7611A640
CMP_A1AC677178,FAC_5FE73F7B83
CMP_A1AC677178,FAC_59FF0D08D0
CMP_D8A283B7CC,FAC_969CC7DAE0
CMP_D8A283B7CC,FAC_005FD6CBE3
CMP_8DC525F79E,FAC_1A221734B3
CMP_8DC525F79E,FAC_0A912E39AF
CMP_8DC525F79E,FAC_78F9EBB506
CMP_8DC525F79E,FAC_F52859EACF
CMP_8DC525F79E,FAC_C18FAEAE94
CMP_8DC525F79E,FAC_72D6EE9643
CMP_8DC525F79E,FAC_EE8D4EBFEF
CMP_8DC525F79E,FAC_14F5C2F686
CMP_8DC525F79E,FAC_820688172C
CMP_8DC525F79E,FAC_A16F084141
CMP_8DC525F79E,FAC_F14D342D92
CMP_4648D3F4CE,FAC_AC50E35B85
CMP_DC0BC952E8,FAC_2F5C5EDD79
CMP_DC0BC952E8,FAC_3AA04F2963
CMP_DC0BC952E8,FAC_ECE4F043D9
CMP_9A7B6D48CB,FAC_2DC2F04156
CMP_9A7B6D48CB,FAC_A0896F81A7
CMP_9A7B6D48CB,FAC_29C5F08565
CMP_9A7B6D48CB,FAC_B0CC59D9A2
CMP_9A7B6D48CB,FAC_2F090FD4C7
CMP_9A7B6D48CB,FAC_B1D8E163EB
CMP_B905A9BD0C,FAC_42862B6BEE
CMP_635C9AA0F7,FAC_E94A4B75E2
CMP_635C9AA0F7,FAC_85F97D70EB
CMP_635C9AA0F7,FAC_499E18003F
CMP_635C9AA0F7,FAC_4A7094C7DA
CMP_635C9AA0F7,FAC_069038875B
CMP_635C9AA0F7,FAC_A810407800
CMP_635C9AA0F7,FAC_0B401CC3B7
CMP_635C9AA0F7,FAC_DB28B0797F
CMP_635C9AA0F7,FAC_1262554F0C
CMP_635C9AA0F7,FAC_2BDD9A6529
CMP_6495FE1F9C,FAC_97E6DABA28
CMP_6495FE1F9C,FAC_3D9821A713
CMP_6495FE1F9C,FAC_AAB3D90920
CMP_6495FE1F9C,FAC_4A3A0EA516
CMP_6495FE1F9C,FAC_B04B2A94C8
CMP_6495FE1F9C,FAC_154F3A2D11
CMP_6495FE1F9C,FAC_3E13D06D70
CMP_2396FBEDD2,FAC_4008D21453
CMP_2396FBEDD2,FAC_9F97054AE0
CMP_2396FBEDD2,FAC_0784AEAEC1
CMP_2396FBEDD2,FAC_85C17CB0CB
CMP_2396FBEDD2,FAC_0E848695CA
CMP_2396FBEDD2,FAC_4EC042BBDD
CMP_2396FBEDD2,FAC_396D9C4F9E
CMP_05161C93A9,FAC_99BA771451
CMP_05161C93A9,FAC_7D19277C4C
CMP_05161C93A9,FAC_108F626379
CMP_05161C93A9,FAC_C02CF98F29
CMP_05161C93A9,FAC_53B517B21E
CMP_05161C93A9,FAC_B759D73C6E
CMP_490A80B41D,FAC_B252E58B40
CMP_490A80B41D,FAC_27A1AC29E8
CMP_490A80B41D,FAC_5998A88A15
CMP_490A80B41D,FAC_5DCC023324
CMP_19B6ABB7C9,FAC_BAA0656C30
CMP_19B6ABB7C9,FAC_AF88E84784
CMP_19B6ABB7C9,FAC_091052F260
CMP_19B6ABB7C9,FAC_DF9FD8E345
CMP_19B6ABB7C9,FAC_A61DBFF154
CMP_19B6ABB7C9,FAC_8B3E8AF634
CMP_19B6ABB7C9,FAC_104295DB1E
CMP_19B6ABB7C9,FAC_160C60A12E
CMP_19B6ABB7C9,FAC_C2F0F3E728
CMP_BCACC2CA07,FAC_C7DAA12960
CMP_BCACC2CA07,FAC_03E31C3E39
CMP_BCACC2CA07,FAC_15AEF06382
CMP_BCACC2CA07,FAC_514B985CCE
CMP_BCACC2CA07,FAC_7DF898AEFA
CMP_BCACC2CA07,FAC_BA0EDE21DF
CMP_BCACC2CA07,FAC_741169FA7D
CMP_EF652BAE1B,FAC_51B6D0173C
CMP_EF652BAE1B,FAC_38FF31E2EF
CMP_EF652BAE1B,FAC_BB91BAC301
CMP_EF652BAE1B,FAC_7738967A9A
CMP_EF652BAE1B,FAC_8C07CC126C
CMP_EF652BAE1B,FAC_5E818BECB6
CMP_EF652BAE1B,FAC_9A605CE775
CMP_EF652BAE1B,FAC_E98FAED67C
CMP_EF652BAE1B,FAC_7AA76D7387
CMP_EF652BAE1B,FAC_0A4E3DD5AA
CMP_EF652BAE1B,FAC_3809F0BD8A
CMP_40702E3B2B,FAC_4431D3CBEA
CMP_40702E3B2B,FAC_7D8F4233D7
CMP_40702E3B2B,FAC_F0CDF443A1
CMP_40702E3B2B,FAC_A1A48A4365
CMP_40702E3B2B,FAC_30E9A5C0AB
CMP_40702E3B2B,FAC_79D6FD2C86
CMP_B2B306B997,FAC_735F899F93
CMP_B2B306B997,FAC_1E148F891F
CMP_B2B306B997,FAC_1053582B2E
CMP_B2B306B997,FAC_2ABDA3AE73
CMP_B2B306B997,FAC_F27F33B09D
CMP_3C785B7DE9,FAC_C3E497398D
CMP_3C785B7DE9,FAC_EFF8FA634C
CMP_3C785B7DE9,FAC_FDC70C7AAB
CMP_3C785B7DE9,FAC_8367446237
CMP_3C785B7DE9,FAC_3D79A093F1
CMP_3C785B7DE9,FAC_433214D204
CMP_4646A5BE62,FAC_9DAB865D6B
CMP_8927502BBB,FAC_4125DCEC34
CMP_8927502BBB,FAC_5FEA6F0CFD
CMP_8927502BBB,FAC_5088FE4B45
CMP_8927502BBB,FAC_926A97EB61
CMP_8927502BBB,FAC_D482A07AB1
CMP_8927502BBB,FAC_89EA890006
CMP_8927502BBB,FAC_713E50C841
CMP_8927502BBB,FAC_DB97C11E52
CMP_262401E4D3,FAC_7CFDB34296
CMP_262401E4D3,FAC_1FFEDA0479
CMP_262401E4D3,FAC_CF78ABC17F
CMP_262401E4D3,FAC_C3AEC8D7AF
CMP_262401E4D3,FAC_2888B29B4E
CMP_262401E4D3,FAC_78D7FD508D
CMP_262401E4D3,FAC_7A194BD629
CMP_677762095E,FAC_EAFDE21517
CMP_677762095E,FAC_DA4E560A33
CMP_677762095E,FAC_DA53691D6F
CMP_677762095E,FAC_EE30174783
CMP_677762095E,FAC_104F96B632
CMP_677762095E,FAC_A238831C1D
CMP_677762095E,FAC_39C9937747
CMP_8BBDD58438,FAC_CF553EAAA2
CMP_8BBDD58438,FAC_81CF026ADE
CMP_3A55E987BD,FAC_6B3C7A6251
CMP_3A55E987BD,FAC_627DEDF83B
CMP_3A55E987BD,FAC_6237D164AB
CMP_3A55E987BD,FAC_8D0F288ABE
CMP_3A55E987BD,FAC_5EBDEC1031
CMP_3A55E987BD,FAC_844B7E9810
CMP_3A55E987BD,FAC_57F88EB7C9
CMP_3A55E987BD,FAC_8B5101A8A3
CMP_3A55E987BD,FAC_7E27B8DBD0
CMP_3A55E987BD,FAC_2233ADAB07
CMP_3A55E987BD,FAC_2053689A45
CMP_DA2D8931E7,FAC_8FB284BC50
CMP_DA2D8931E7,FAC_7F83D81741
CMP_DA2D8931E7,FAC_7C820139CF
CMP_DA2D8931E7,FAC_F831DAA2C5
CMP_DA2D8931E7,FAC_EED8A12ED8
CMP_732738ECB3,FAC_C416A386FC
CMP_732738ECB3,FAC_7E0F68F71E
CMP_732738ECB3,FAC_3107F26931
CMP_732738ECB3,FAC_F95EFB0DC4
CMP_732738ECB3,FAC_1ACFB46105
CMP_445DA9B438,FAC_8AF1CEA1A4
CMP_445DA9B438,FAC_1E00D2881A
CMP_445DA9B438,FAC_1848695C32
CMP_445DA9B438,FAC_2C45DE5862
CMP_445DA9B438,FAC_0F43E0E73C
CMP_20CEC410DF,FAC_EE8CD5923E
CMP_1E30F43A34,FAC_79C347078E
CMP_1E30F43A34,FAC_98226D3FF8
CMP_1E30F43A34,FAC_848B6816D2
CMP_7BA1D85352,FAC_0791FE6BF2
CMP_7BA1D85352,FAC_9CCB00DFB2
CMP_7BA1D85352,FAC_C66C5B0E48
CMP_7BA1D85352,FAC_EA7D2E54A0
CMP_7BA1D85352,FAC_D7A975BB2C
CMP_7BA1D85352,FAC_2D828EC310
CMP_7BA1D85352,FAC_22D8BBE378
CMP_7BA1D85352,FAC_DEB4D04952
CMP_7BA1D85352,FAC_772E1865D0
CMP_7BA1D85352,FAC_31ACC93C5E
CMP_178D2CCC79,FAC_D213AE47F2
CMP_178D2CCC79,FAC_9436143E63
CMP_178D2CCC79,FAC_CD9EE28533
CMP_B650C845E0,FAC_642ED4D81D
CMP_3CBBF94D9E,FAC_48B04DB44D
CMP_3CBBF94D9E,FAC_D94DBE0046
CMP_3CBBF94D9E,FAC_688AB5FA80
CMP_3CBBF94D9E,FAC_54821E816C
CMP_3CBBF94D9E,FAC_4E152FE608
CMP_3CBBF94D9E,FAC_29285D7BD3
CMP_3CBBF94D9E,FAC_B057FE835F
CMP_3CBBF94D9E,FAC_459B330AC7
CMP_3CBBF94D9E,FAC_D9EE455927
CMP_3CBBF94D9E,FAC_BFD5E3ACB8
CMP_3CBBF94D9E,FAC_2C9BAA9395
CMP_3CBBF94D9E,FAC_E8F063EEF0
CMP_AE0BA85F96,FAC_89BCF1A9C1
CMP_AE0BA85F96,FAC_EEC20BA53C
CMP_AE0BA85F96,FAC_1817395B37
CMP_AE0BA85F96,FAC_8C938DB51D
CMP_AE0BA85F96,FAC_A21223A8CF
CMP_0AE5C78F74,FAC_3A651100BA
CMP_98BFDDF383,FAC_F71B78AF9B
CMP_98BFDDF383,FAC_21E8D3E893
CMP_98BFDDF383,FAC_226D7D6CFF
CMP_98BFDDF383,FAC_DBE85E3B19
CMP_98BFDDF383,FAC_C5E845182A
CMP_98BFDDF383,FAC_FC93FDA501
CMP_98BFDDF383,FAC_1DDE037B74
CMP_98BFDDF383,FAC_E1432AD9D3
CMP_98BFDDF383,FAC_ECBB64C70C
CMP_B041DA3F30,FAC_881A2AF71C
CMP_B041DA3F30,FAC_68B48F7754
CMP_B041DA3F30,FAC_57AD915895
CMP_B041DA3F30,FAC_1414CBCDA0
CMP_B041DA3F30,FAC_B17B2356A1
CMP_B041DA3F30,FAC_3DEC23C0DD
CMP_B041DA3F30,FAC_E4375C71CE
CMP_B041DA3F30,FAC_656396B4FD
CMP_B041DA3F30,FAC_27DEBD54B3
CMP_B041DA3F30,FAC_1C60B377E8
CMP_9048451667,FAC_6F6AE3407B
CMP_9048451667,FAC_E6BF631277
CMP_9048451667,FAC_99A171122A
CMP_9048451667,FAC_18104BB659
CMP_9048451667,FAC_3A50176ECC
CMP_9048451667,FAC_430FDDCDFF
CMP_9048451667,FAC_550E5FF98B
CMP_9048451667,FAC_6FC6715882
CMP_9048451667,FAC_AA7FC662BC
CMP_17D2ECEEFA,FAC_92012CC603
CMP_17D2ECEEFA,FAC_39F69DC57A
CMP_17D2ECEEFA,FAC_6AE1810BD3
CMP_17D2ECEEFA,FAC_F186CD2712
CMP_17D2ECEEFA,FAC_B8EDC9B3EB
CMP_17D2ECEEFA,FAC_2B9A534333
CMP_17D2ECEEFA,FAC_CD008FA187
CMP_17D2ECEEFA,FAC_53585D3377
CMP_5F0C6CFB15,FAC_767E38E7F2
CMP_5F0C6CFB15,FAC_8B787078F4
CMP_5F0C6CFB15,FAC_42C7BFC9F1
CMP_5F0C6CFB15,FAC_B2B7A62FCB
CMP_1ED0C63DC0,FAC_D71DDFA2D2
CMP_F5FD1B84C8,FAC_482AD69E2E
CMP_F5FD1B84C8,FAC_DA728BD79C
CMP_F5FD1B84C8,FAC_9BA8FC0D22
CMP_F5FD1B84C8,FAC_87151B18D7
CMP_F5FD1B84C8,FAC_6779945D48
CMP_F5FD1B84C8,FAC_A7C2A26871
CMP_F5FD1B84C8,FAC_EE8C5AC8C4
CMP_F5FD1B84C8,FAC_1F06A18D1F
CMP_F5FD1B84C8,FAC_D541C98CE5
CMP_F5FD1B84C8,FAC_F278FFD822
CMP_2DB2B7E9A2,FAC_043FE532FD
CMP_2DB2B7E9A2,FAC_FEA3221A00
CMP_2DB2B7E9A2,FAC_3CA1472E33
CMP_2DB2B7E9A2,FAC_0AC65D6CDE
CMP_2DB2B7E9A2,FAC_239092100A
CMP_2DB2B7E9A2,FAC_F8C35BC470
CMP_2DB2B7E9A2,FAC_BF56F74C70
CMP_2DB2B7E9A2,FAC_89308BBE8E
CMP_2DB2B7E9A2,FAC_6994F7BE79
CMP_2DB2B7E9A2,FAC_6EFD2D9463
CMP_2DB2B7E9A2,FAC_3CD2553EB4
CMP_2DB2B7E9A2,FAC_A5E5D80E44
CMP_77F39C3A39,FAC_47CC894528
CMP_77F39C3A39,FAC_78DD05748F
CMP_A5C70EC705,FAC_6B5FC5F50E
CMP_A5C70EC705,FAC_17C1986E9D
CMP_A5C70EC705,FAC_3EC832DAC2
CMP_A5C70EC705,FAC_A11E9DFA43
CMP_6C4047D9D7,FAC_7AD09EAF6E
CMP_6C4047D9D7,FAC_32E47D536F
CMP_6C4047D9D7,FAC_FC8F573E88
CMP_6C4047D9D7,FAC_2879B7E149
CMP_CE5A69770C,FAC_A6B0F60630
CMP_CE5A69770C,FAC_0CA6F10D8B
CMP_CE5A69770C,FAC_C3BF24AA36
CMP_CE5A69770C,FAC_5ABF557EB3
CMP_275C711C40,FAC_EA7E7C2C15
CMP_275C711C40,FAC_E2D12D0D9E
CMP_275C711C40,FAC_601AF92C06
CMP_275C711C40,FAC_217C574F80
CMP_275C711C40,FAC_DCABF15B98
CMP_275C711C40,FAC_0F11DAD472
CMP_275C711C40,FAC_EE2D8679BA
CMP_275C711C40,FAC_39A8F1A92C
CMP_275C711C40,FAC_F605DF7EE4
CMP_7B0E51E939,FAC_CB4B66CB9E
CMP_7B0E51E939,FAC_7104F7ECD0
CMP_7B0E51E939,FAC_F9C77787FC
CMP_7B0E51E939,FAC_6CE7A39091
CMP_7B0E51E939,FAC_ACC8E8E86E
CMP_7B0E51E939,FAC_447EA210B9
CMP_7B0E51E939,FAC_7AA1B6AAF4
CMP_7B0E51E939,FAC_C772B8DA05
CMP_82D15EB995,FAC_2B5737933C
CMP_82D15EB995,FAC_9E1C0BCECF
CMP_82D15EB995,FAC_EAEEE05AF8
CMP_82D15EB995,FAC_43BAC5F266
CMP_C3D5D643C0,FAC_03B202CDD8
CMP_C3D5D643C0,FAC_836E33FD76
CMP_C3D5D643C0,FAC_01773EEC51
CMP_C3D5D643C0,FAC_FBF235CC37
CMP_C3D5D643C0,FAC_0F9E6ADAFC
CMP_C3D5D643C0,FAC_F1BE64B633
CMP_C3D5D643C0,FAC_0FBC72D6A1
CMP_C3D5D643C0,FAC_C81F9A6A6E
CMP_C3D5D643C0,FAC_AE88B69A6C
CMP_EDDA7EE960,FAC_76F1074FDC
CMP_EDDA7EE960,FAC_0E29EE7F98
CMP_EDDA7EE960,FAC_305B8A78CD
CMP_EDDA7EE960,FAC_13BC0B21BE
CMP_EDDA7EE960,FAC_8631283D2F
CMP_4A526EDD2B,FAC_1DCE985288
CMP_4A526EDD2B,FAC_B51ED95019
CMP_4A526EDD2B,FAC_9584D4BA72
CMP_4A526EDD2B,FAC_EF1CB00318
CMP_4A526EDD2B,FAC_DD93856DF7
CMP_4A526EDD2B,FAC_81C7E034B6
CMP_4A526EDD2B,FAC_D1B6901E66
CMP_4A526EDD2B,FAC_AABC8356B5
CMP_4A526EDD2B,FAC_A64F6D7B32
CMP_4A526EDD2B,FAC_6EF32BBE03
CMP_4A526EDD2B,FAC_DC0C2FC005
CMP_4A526EDD2B,FAC_C2A520477E
CMP_D5FB415A5B,FAC_02BB6B5C6F
CMP_D5FB415A5B,FAC_9A5F15373B
CMP_D5FB415A5B,FAC_861DEC6C91
CMP_D5FB415A5B,FAC_0A831ED165
CMP_D5FB415A5B,FAC_3CEC827724
CMP_D5FB415A5B,FAC_4B25F454F8
CMP_D5FB415A5B,FAC_3629DEB739
CMP_BC03B8BD8C,FAC_E380329E24
CMP_BC03B8BD8C,FAC_6E98ED0EAB
CMP_BC03B8BD8C,FAC_D700596D45
CMP_BC03B8BD8C,FAC_520BC8192A
CMP_BC03B8BD8C,FAC_8A976BCB33
CMP_BC03B8BD8C,FAC_5960855FE6
CMP_BC03B8BD8C,FAC_6A9612E614
CMP_BC03B8BD8C,FAC_499DA60C53
CMP_2CEE5F017F,FAC_4451158162
CMP_2CEE5F017F,FAC_843484E563
CMP_2CEE5F017F,FAC_0AEAB27222
CMP_2CEE5F017F,FAC_941F6634BC
CMP_2CEE5F017F,FAC_427FB7FDC0
CMP_6B18CB891E,FAC_0FBAF05EBE
CMP_6B18CB891E,FAC_8089AFFB36
CMP_6B18CB891E,FAC_087FF60FEB
CMP_6B18CB891E,FAC_6F9F82E7E4
CMP_6B18CB891E,FAC_BDBC52B80A
CMP_404F791746,FAC_7BCE7EEBC7
CMP_FF7F9E52BD,FAC_A91D4C7D9B
CMP_FF7F9E52BD,FAC_A094BFD2DC
CMP_FF7F9E52BD,FAC_91E2CDFF61
CMP_FF7F9E52BD,FAC_8DCC79C1EC
CMP_FF7F9E52BD,FAC_1418A815F4
CMP_FF7F9E52BD,FAC_C335C3A561
CMP_766DA09338,FAC_B776D98303
CMP_766DA09338,FAC_364BE63C8A
CMP_766DA09338,FAC_3B5DAD4484
CMP_766DA09338,FAC_A98D80F808
CMP_766DA09338,FAC_DF9DE30959
CMP_766DA09338,FAC_90C6777107
CMP_766DA09338,FAC_E24F3824BE
CMP_766DA09338,FAC_DFD508D890
CMP_766DA09338,FAC_F4D9953325
CMP_766DA09338,FAC_8FA6B847A9
CMP_766DA09338,FAC_EDE44F8334
CMP_9EDE68B3CF,FAC_F7AC7DE3B3
CMP_9EDE68B3CF,FAC_335F9C292F
CMP_9EDE68B3CF,FAC_F7AD3A1BE9
CMP_9EDE68B3CF,FAC_3F36DBB499
CMP_C2F4064510,FAC_0455C35B84
CMP_DCD545D6F0,FAC_68108B669A
CMP_DCD545D6F0,FAC_BE43281C30
CMP_DCD545D6F0,FAC_7E6C5A8896
CMP_DCD545D6F0,FAC_1172139B66
CMP_DCD545D6F0,FAC_1087CA4940
CMP_DCD545D6F0,FAC_004465C91A
CMP_DCD545D6F0,FAC_79FDDBEC90
CMP_DCD545D6F0,FAC_3964B3379E
CMP_06A74EC5DC,FAC_B935A22FC9
CMP_06A74EC5DC,FAC_297864AC4F
CMP_06A74EC5DC,FAC_387713780C
CMP_06A74EC5DC,FAC_4174CF04D7
CMP_F3CCC29AF5,FAC_30AF324246
CMP_F3CCC29AF5,FAC_E72E8B3DB1
CMP_F3CCC29AF5,FAC_13222248D0
CMP_F3CCC29AF5,FAC_5FAE5E72BB
CMP_F3CCC29AF5,FAC_D21FF8A520
CMP_F3CCC29AF5,FAC_4B0ADA1712
CMP_5833DBBD9C,FAC_25337E20B6
CMP_5833DBBD9C,FAC_17F4550786
CMP_5833DBBD9C,FAC_0BC7576EE7
CMP_5833DBBD9C,FAC_7EEA97B05C
CMP_F6840BF7FF,FAC_8655EF1C59
CMP_3A6B1F2AC5,FAC_CAE7FF16EC
CMP_3A6B1F2AC5,FAC_BA6F55D692
CMP_3A6B1F2AC5,FAC_D089F4D301
CMP_3A6B1F2AC5,FAC_FCB41E6B90
CMP_3A6B1F2AC5,FAC_84B8D0F568
CMP_3A6B1F2AC5,FAC_4636020D57
CMP_3A6B1F2AC5,FAC_C05B80EF4A
CMP_3A6B1F2AC5,FAC_2E50D4BA92
CMP_40C2677D27,FAC_A87A0F586E
CMP_40C2677D27,FAC_D1A9BA6B4D
CMP_40C2677D27,FAC_9746E4B7CB
CMP_40C2677D27,FAC_35746AAB27
CMP_40C2677D27,FAC_5EA9B79BFC
CMP_40C2677D27,FAC_D05A9EB9F5
CMP_40C2677D27,FAC_04BD99C775
CMP_40C2677D27,FAC_33FCF364DA
CMP_40C2677D27,FAC_7589A1B594
CMP_C1CE60BA16,FAC_28B155BA06
CMP_C1CE60BA16,FAC_E6D8A1D1D3
CMP_C1CE60BA16,FAC_93DDE5B03E
CMP_C1CE60BA16,FAC_EB05C5FD83
CMP_C1CE60BA16,FAC_896D40FB27
CMP_C1CE60BA16,FAC_01B2BA4BED
CMP_C1CE60BA16,FAC_A9B69814E6
CMP_C1CE60BA16,FAC_D7C4DD2AB1
CMP_C1CE60BA16,FAC_5C184029CD
CMP_C1CE60BA16,FAC_70E965F29D
CMP_C1CE60BA16,FAC_6CF55C676A
CMP_C1CE60BA16,FAC_75992D100C
CMP_F642E806C1,FAC_629D1921E2
CMP_F642E806C1,FAC_BB0EBC1BE6
CMP_F642E806C1,FAC_D54FD70F4B
CMP_F642E806C1,FAC_BC2F81173F
CMP_F642E806C1,FAC_17189A1B8D
CMP_F642E806C1,FAC_6F8265677C
CMP_F642E806C1,FAC_36C4D0C3F9
CMP_F642E806C1,FAC_21996FD955
CMP_F642E806C1,FAC_AE5DABE0EF
CMP_B8B08CE41C,FAC_85D5ADA895
CMP_20A21210D7,FAC_43EC1BD058
CMP_20A21210D7,FAC_7ACD2BAE28
CMP_20A21210D7,FAC_EA35CB01C2
CMP_20A21210D7,FAC_625DE384FB
CMP_20A21210D7,FAC_33A6CBACF2
CMP_20A21210D7,FAC_10EBA67C73
CMP_20A21210D7,FAC_144D0702A5
CMP_20A21210D7,FAC_399AE337D1
CMP_20A21210D7,FAC_B683C53F4B
CMP_20A21210D7,FAC_88B1E3435F
CMP_20A21210D7,FAC_08465348E0
CMP_20A21210D7,FAC_5F188E9BAD
CMP_BC8F4CFA5E,FAC_57FA2C4C14
CMP_BC8F4CFA5E,FAC_2D0B792E3F
CMP_BC8F4CFA5E,FAC_A660BE207D
CMP_BC8F4CFA5E,FAC_A702661327
CMP_BC8F4CFA5E,FAC_2C2686D808
CMP_1BCB0ED0F4,FAC_900338B040
CMP_1BCB0ED0F4,FAC_75F3448294
CMP_1BCB0ED0F4,FAC_5EDC4B67E4
CMP_1BCB0ED0F4,FAC_F42F1C09B7
CMP_1BCB0ED0F4,FAC_8EEEB2A613
CMP_1BCB0ED0F4,FAC_FDCC98E29F
CMP_1BCB0ED0F4,FAC_DC47488BEB
CMP_1BCB0ED0F4,FAC_12ED3CDFDF
CMP_1BCB0ED0F4,FAC_21137B5399
CMP_1BCB0ED0F4,FAC_9F0D96E4F2
CMP_1BCB0ED0F4,FAC_FBCCF3CC2B
CMP_0374835D67,FAC_A2A08CC05B
CMP_0374835D67,FAC_D81401124B
CMP_0374835D67,FAC_AFF8AFCA6C
CMP_0374835D67,FAC_ABCC8FFE03
CMP_B321DD5EF7,FAC_503D8F68B0
CMP_B321DD5EF7,FAC_CFFD123719
CMP_B321DD5EF7,FAC_05D6C340BB
CMP_B321DD5EF7,FAC_5136F47B2B
CMP_B321DD5EF7,FAC_6DFE9175B7
CMP_B321DD5EF7,FAC_408796A469
CMP_B321DD5EF7,FAC_7B2F832045
CMP_B321DD5EF7,FAC_B40A391E3C
CMP_B321DD5EF7,FAC_C0F55CD573
CMP_B321DD5EF7,FAC_96F3768AB5
CMP_EE4AB888C0,FAC_4D2D253C6F
CMP_EE4AB888C0,FAC_5686C11824
CMP_EE4AB888C0,FAC_9CD1F7810A
CMP_8976DF3ACE,FAC_7644A3BD70
CMP_8976DF3ACE,FAC_7185045BC4
CMP_8976DF3ACE,FAC_08E29B3ED1
CMP_8976DF3ACE,FAC_12DAF65F2D
CMP_8976DF3ACE,FAC_4424E4EF72
CMP_8976DF3ACE,FAC_708A881909
CMP_C97E0CA45E,FAC_1223E534E3
CMP_C97E0CA45E,FAC_E9BF25AF91
CMP_C97E0CA45E,FAC_67EC6FA024
CMP_C97E0CA45E,FAC_F836B1A61D
CMP_C97E0CA45E,FAC_B7AF59E96D
CMP_C97E0CA45E,FAC_297F8BB648
CMP_C97E0CA45E,FAC_E740D8D004
CMP_C97E0CA45E,FAC_36A68C417F
CMP_C97E0CA45E,FAC_3231497618
CMP_C97E0CA45E,FAC_3D754F57CF
CMP_C97E0CA45E,FAC_5D9543ECF3
CMP_C97E0CA45E,FAC_F32031A9B7
CMP_35E9C03F3B,FAC_D7122E39C8
CMP_7D443EA261,FAC_2DBD1C1B90
CMP_4EA8C641EE,FAC_AA869BE82F
CMP_4EA8C641EE,FAC_6AC3CCE10D
CMP_4EA8C641EE,FAC_539463D37D
CMP_4EA8C641EE,FAC_F89EF21E73
CMP_4EA8C641EE,FAC_B0496DE779
CMP_4EA8C641EE,FAC_EC1B7E3DDF
CMP_4EA8C641EE,FAC_2824114831
CMP_4EA8C641EE,FAC_08FC13CCD4
CMP_4EA8C641EE,FAC_2CED7997BF
CMP_4EA8C641EE,FAC_FEE241C38E
CMP_90B9C1225A,FAC_977AA6839D
CMP_90B9C1225A,FAC_00001AF6D9
CMP_90B9C1225A,FAC_F1ECDD632D
CMP_90B9C1225A,FAC_0754060C5F
CMP_CFDA9C9B26,FAC_BAEEBE9D24
CMP_CFDA9C9B26,FAC_E02E308A0C
CMP_1F72F6123C,FAC_C81FBE55BA
CMP_1F72F6123C,FAC_0695534901
CMP_1F72F6123C,FAC_BA92062F0F
CMP_1F72F6123C,FAC_56662F0A14
CMP_1F72F6123C,FAC_85E0A94A75
CMP_D63754D6E7,FAC_719C9AE343
CMP_D63754D6E7,FAC_0FDBE6C0D5
CMP_D63754D6E7,FAC_25984520F4
CMP_D63754D6E7,FAC_AE8FF45E9C
CMP_D63754D6E7,FAC_7AD00D7A3A
CMP_D63754D6E7,FAC_59F7E7D00B
CMP_D63754D6E7,FAC_7C2EFD97BE
CMP_D63754D6E7,FAC_4F92E768E4
CMP_D63754D6E7,FAC_289D4DAA44
CMP_D63754D6E7,FAC_E580B00948
CMP_AF8F2B133D,FAC_47C8EF7AAD
CMP_BC33D16BA6,FAC_D8D7FC9707
CMP_BC33D16BA6,FAC_3E49FE33C8
CMP_BC33D16BA6,FAC_83D267349B
CMP_BC33D16BA6,FAC_9C90A16FC5
CMP_F1B59B315A,FAC_3F582ACE99
CMP_F1B59B315A,FAC_ED7876EBC6
CMP_F1B59B315A,FAC_C21FD384DB
CMP_0F895EB402,FAC_34B92881D3
CMP_0F895EB402,FAC_9A389B3CDD
CMP_0F895EB402,FAC_A1D2EF1319
CMP_0F895EB402,FAC_BA73BC7B1E
CMP_0F895EB402,FAC_1516C9EA57
CMP_0F895EB402,FAC_93188A13D4
CMP_0F895EB402,FAC_AB34229B16
CMP_3F9D5E5B39,FAC_877ACCB4A3
CMP_3F9D5E5B39,FAC_F3ABA55229
CMP_3F9D5E5B39,FAC_A22EE4993C
CMP_D77237256E,FAC_7A37199684
CMP_D77237256E,FAC_7FC5C05247
CMP_D77237256E,FAC_53FDD50DF1
CMP_D77237256E,FAC_0D01C32BA5
CMP_D77237256E,FAC_503F56A8FF
CMP_D77237256E,FAC_B67B1D61B7
CMP_D77237256E,FAC_F87012648A
CMP_D77237256E,FAC_67967823C9
CMP_D77237256E,FAC_ABEEE07FC2
CMP_D77237256E,FAC_BF021FF3BC
CMP_D77237256E,FAC_406D8067F9
CMP_6A1C9F079E,FAC_1CA698ADA6
CMP_6A1C9F079E,FAC_71D9419FB0
CMP_6A1C9F079E,FAC_EC4DCB7629
CMP_6A1C9F079E,FAC_BF6CC1076D
CMP_6A1C9F079E,FAC_E4A52EEBD1
CMP_6A1C9F079E,FAC_2A45216EDE
CMP_6A1C9F079E,FAC_94979BE81F
CMP_6A1C9F079E,FAC_1A1570139D
CMP_6A1C9F079E,FAC_24510DAB4B
CMP_6A1C9F079E,FAC_7751226235
CMP_6A1C9F079E,FAC_F069112355
CMP_6A1C9F079E,FAC_51A9DB1EC3
CMP_17F53A4095,FAC_B2A89FE52D
CMP_74AC2D814E,FAC_03D638FA0B
CMP_74AC2D814E,FAC_9A755A07A6
CMP_74AC2D814E,FAC_4DDA263D07
CMP_74AC2D814E,FAC_773BBB6DB2
CMP_74AC2D814E,FAC_366D857576
CMP_74AC2D814E,FAC_6AFBB430EA
CMP_74AC2D814E,FAC_072DCBB715
CMP_74AC2D814E,FAC_822967F05A
CMP_74AC2D814E,FAC_446C000069
CMP_74AC2D814E,FAC_1FD76F3F65
CMP_06FE4AB9FD,FAC_4EB14F5765
CMP_06FE4AB9FD,FAC_2BDC3440F4
CMP_06FE4AB9FD,FAC_37CE01FC68
CMP_47B50B4C36,FAC_9594FBCDD1
CMP_47B50B4C36,FAC_26874B5E57
CMP_47B50B4C36,FAC_3ACCA3CE61
CMP_47B50B4C36,FAC_85C72974AB
CMP_47B50B4C36,FAC_5C18C42BA4
CMP_47B50B4C36,FAC_B7F06CB16D
CMP_47B50B4C36,FAC_D6EF358376
CMP_47B50B4C36,FAC_D202252052
CMP_47B50B4C36,FAC_B910B015A2
CMP_47B50B4C36,FAC_304F18DA83
CMP_47B50B4C36,FAC_9EAFAD5D04
CMP_47B50B4C36,FAC_CA34A28526
CMP_49D1D85555,FAC_AFFEBA752F
CMP_49D1D85555,FAC_7D9C78D08E
CMP_49D1D85555,FAC_0CAC9A00EF
CMP_49D1D85555,FAC_DB0198E139
CMP_49D1D85555,FAC_F1306723A9
CMP_49D1D85555,FAC_FDCFFF47E9
CMP_49D1D85555,FAC_3760A3FF13
CMP_49D1D85555,FAC_429DDE1111
CMP_49D1D85555,FAC_EA377B815C
CMP_49D1D85555,FAC_17EF4DD8EA
CMP_49D1D85555,FAC_F915BE5AA5
CMP_562CC31422,FAC_EDC904814E
CMP_562CC31422,FAC_BC74DA5018
CMP_562CC31422,FAC_91E1CE4800
CMP_562CC31422,FAC_A0ADBDD1EE
CMP_562CC31422,FAC_50A1EBC2C9
CMP_562CC31422,FAC_11807D0664
CMP_562CC31422,FAC_436FF9BDE2
CMP_562CC31422,FAC_EA7A0CF913
CMP_562CC31422,FAC_474697ED68
CMP_562CC31422,FAC_66E0089D57
CMP_1E571BA979,FAC_F4ADD0A1E4
CMP_1E571BA979,FAC_35EB4693C2
CMP_1E571BA979,FAC_C39E9644B7
CMP_1E571BA979,FAC_DFABB39E57
CMP_1E571BA979,FAC_6F7A20E25D
CMP_1E571BA979,FAC_3CF799CF31
CMP_1E571BA979,FAC_4C84A9EF90
CMP_1E571BA979,FAC_906064D997
CMP_1E571BA979,FAC_A43DE70266
CMP_1E571BA979,FAC_C1362F3C65
CMP_1E571BA979,FAC_974229FFE7
CMP_1E571BA979,FAC_6296061F24
CMP_067DCFF452,FAC_135A2434AB
CMP_067DCFF452,FAC_714F46F70D
CMP_067DCFF452,FAC_045F597D85
CMP_067DCFF452,FAC_19FFDA47E9
CMP_067DCFF452,FAC_AC6D570C1C
CMP_067DCFF452,FAC_504BCDDC4E
CMP_067DCFF452,FAC_9958C8742B
CMP_067DCFF452,FAC_66DF630E11
CMP_4FDEBF3B42,FAC_59DE956D39
CMP_4FDEBF3B42,FAC_507C4A49A6
CMP_4FDEBF3B42,FAC_80EB7EAE18
CMP_4FDEBF3B42,FAC_36A1E84AE9
CMP_4FDEBF3B42,FAC_84CA935F56
CMP_4FDEBF3B42,FAC_B523B13800
CMP_4FDEBF3B42,FAC_572B524C47
CMP_4FDEBF3B42,FAC_E3ED05F6DE
CMP_4FDEBF3B42,FAC_02A7CD3BD7
CMP_4FDEBF3B42,FAC_56A6D8FEDD
CMP_A74776D973,FAC_F41C38718E
CMP_A74776D973,FAC_7D0DBFD690
CMP_A74776D973,FAC_0D3D2DBAF4
CMP_A74776D973,FAC_ABADD2B7AE
CMP_A74776D973,FAC_A12F9A7E16
CMP_A74776D973,FAC_929D15988F
CMP_A74776D973,FAC_8BFB263979
CMP_A74776D973,FAC_9160D179DE
CMP_BFF57F4999,FAC_C23D82D226
CMP_BFF57F4999,FAC_F780668E0A
CMP_FA01CE2C1F,FAC_73FAAD1B38
CMP_FA01CE2C1F,FAC_C520AAF564
CMP_FA01CE2C1F,FAC_AA75A3DD71
CMP_FA01CE2C1F,FAC_08CC1D121F
CMP_FA01CE2C1F,FAC_C3299CF029
CMP_FA01CE2C1F,FAC_41DC65A275
CMP_FA01CE2C1F,FAC_7F8534FAF9
CMP_FA01CE2C1F,FAC_CEAB622BDC
CMP_FA01CE2C1F,FAC_6E385DD953
CMP_FA01CE2C1F,FAC_4EBA1D0E81
CMP_E549C2DA0D,FAC_770AA9A595
CMP_E549C2DA0D,FAC_6E34A9BB5B
CMP_1FAC9671A3,FAC_DD603F96CC
CMP_1FAC9671A3,FAC_ED8CD6EBC6
CMP_1FAC9671A3,FAC_870557EEFE
CMP_1FAC9671A3,FAC_B5EDB502B8
CMP_1FAC9671A3,FAC_F96A1E61E7
CMP_4B170CCA1D,FAC_66417C1103
CMP_4B170CCA1D,FAC_50362FE085
CMP_4B170CCA1D,FAC_D170394F43
CMP_4B170CCA1D,FAC_43D6745EC4
CMP_4B170CCA1D,FAC_6B94B7A4E5
CMP_4B170CCA1D,FAC_50383B143B
CMP_4B170CCA1D,FAC_66B75BEE66
CMP_4B170CCA1D,FAC_706D150532
CMP_4B170CCA1D,FAC_1DF455FB86
CMP_4B170CCA1D,FAC_3A8E5697D1
CMP_4B170CCA1D,FAC_B52F5A3A1E
CMP_798EB58425,FAC_D10F6CF12F
CMP_798EB58425,FAC_41353B0D85
CMP_798EB58425,FAC_1548A81999
CMP_798EB58425,FAC_E0010FD415
CMP_798EB58425,FAC_A73B54FF1D
CMP_798EB58425,FAC_6A182C374A
CMP_798EB58425,FAC_AE35DE9BA6
CMP_798EB58425,FAC_10AE094571
CMP_4C2DBE0B72,FAC_7201C9C137
CMP_4C2DBE0B72,FAC_038005145C
CMP_4C2DBE0B72,FAC_2749FF0516
CMP_4C2DBE0B72,FAC_AB148303AC
CMP_03588362B4,FAC_46304CFE9A
CMP_03588362B4,FAC_6717F95560
CMP_7A21A3DAA1,FAC_1DE4483454
CMP_7A21A3DAA1,FAC_109B621B0D
CMP_7A21A3DAA1,FAC_887282DEBA
CMP_7A21A3DAA1,FAC_6E50915DB7
CMP_7A21A3DAA1,FAC_555D9D3ED5
CMP_7A21A3DAA1,FAC_BFD532ED44
CMP_7A21A3DAA1,FAC_A52DE7049C
CMP_7A21A3DAA1,FAC_D355C48C90
CMP_7A21A3DAA1,FAC_7846FE7923
CMP_44119D6E24,FAC_17C25CFAD5
CMP_44119D6E24,FAC_13C4809C45
CMP_44119D6E24,FAC_A9B3E69744
CMP_44119D6E24,FAC_1E7A67EDF6
CMP_44119D6E24,FAC_6BC8606A02
CMP_44119D6E24,FAC_697964D907
CMP_44119D6E24,FAC_BA57272BB9
CMP_44119D6E24,FAC_B3A9434C7A
CMP_44119D6E24,FAC_16A56706F1
CMP_44119D6E24,FAC_660C66757A
