facility_id,facility_name,country,created_at
FAC_47F766A34A,Morocco Industrial 1 Lda Facility 1,Morocco,2025-12-24
FAC_68CBC54B49,Morocco Industrial 1 Lda Facility 2,Morocco,2025-12-24
FAC_2AECF906BD,Morocco Industrial 1 Lda Facility 3,Morocco,2025-12-24
FAC_0225477987,Morocco Industrial 1 Lda Facility 4,Morocco,2025-12-24
FAC_06B25EA562,Morocco Industrial 1 Lda Facility 5,Morocco,2025-12-24
FAC_33972EFC18,Morocco Industrial 2 Facility 1,Morocco,2025-12-24
FAC_49FAAFCB89,Morocco Industrial 2 Facility 2,Morocco,2025-12-24
FAC_6405C44F1A,Morocco Industrial 2 Facility 3,Morocco,2025-12-24
FAC_DA7C5EEC88,Morocco Industrial 2 Facility 4,Morocco,2025-12-24
FAC_AFC7EC8AEA,Morocco Industrial 2 Facility 5,Morocco,2025-12-24
FAC_325CAF4D74,Morocco Industrial 2 Facility 6,Morocco,2025-12-24
FAC_0A46B640E1,Morocco Industrial 15 Spa Facility 1,Morocco,2025-12-24
FAC_A6FDF4857D,Morocco Industrial 15 Spa Facility 2,Morocco,2025-12-24
FAC_BBD7E818B3,Morocco Industrial 15 Spa Facility 3,Morocco,2025-12-24
FAC_1F1B660EED,Morocco Industrial 15 Spa Facility 4,Morocco,2025-12-24
FAC_2B3148B280,Morocco Industrial 15 Spa Facility 5,Morocco,2025-12-24
FAC_F5FADBCE16,Morocco Industrial 15 Spa Facility 6,Morocco,2025-12-24
FAC_B73074F50B,Morocco Industrial 15 Spa Facility 7,Morocco,2025-12-24
FAC_CBE4864AEC,Morocco Industrial 15 Spa Facility 8,Morocco,2025-12-24
FAC_2277E20E83,Morocco Industrial 15 Spa Facility 9,Morocco,2025-12-24
FAC_49E913A92E,Morocco Industrial 15 Spa Facility 10,Morocco,2025-12-24
FAC_7348D8A2ED,Morocco Industrial 15 Spa Facility 11,Morocco,2025-12-24
FAC_B029A1B686,Morocco Industrial 15 Spa Facility 12,Morocco,2025-12-24
FAC_8FE96F74B4,Morocco Industrial 1000 Facility 1,Morocco,2025-12-24
FAC_359A9AF431,Morocco Industrial 1000 Facility 2,Morocco,2025-12-24
FAC_D6D688E52C,Morocco Industrial 1000 Facility 3,Morocco,2025-12-24
FAC_7DCDA6DA50,Morocco Industrial 1000 Facility 4,Morocco,2025-12-24
FAC_0EE0DE2238,Morocco Industrial 1000 Facility 5,Morocco,2025-12-24
FAC_E7F5F1C078,Morocco Industrial 1000 Facility 6,Morocco,2025-12-24
FAC_7FA0A6D87B,Morocco Industrial 1000 Facility 7,Morocco,2025-12-24
FAC_80877F5556,Morocco Industrial 1113 Facility 1,Morocco,2025-12-24
FAC_9C5AE6631C,Morocco Industrial 1113 Facility 2,Morocco,2025-12-24
FAC_51B0844EB5,Morocco Industrial 1113 Facility 3,Morocco,2025-12-24
FAC_AB75D4CAE1,Morocco Industrial 1113 Facility 4,Morocco,2025-12-24
FAC_BE3F17CEAE,Morocco Industrial 1113 Facility 5,Morocco,2025-12-24
FAC_38454E7DA5,Morocco Industrial 1113 Facility 6,Morocco,2025-12-24
FAC_77ADD9850F,Morocco Industrial 1113 Facility 7,Morocco,2025-12-24
FAC_C487630E13,Morocco Industrial 1113 Facility 8,Morocco,2025-12-24
FAC_B41170A9B2,Morocco Industrial 1113 Facility 9,Morocco,2025-12-24
FAC_D3F299FBA0,Morocco Industrial 1113 Facility 10,Morocco,2025-12-24
FAC_678DAD8DE7,Morocco Industrial 1113 Facility 11,Morocco,2025-12-24
FAC_028B477149,Morocco Industrial 1444 Facility 1,Morocco,2025-12-24
FAC_D31D00FC19,Morocco Industrial 1444 Facility 2,Morocco,2025-12-24
FAC_B969317EAD,Morocco Industrial 1444 Facility 3,Morocco,2025-12-24
FAC_C66668847D,Morocco Industrial 1444 Facility 4,Morocco,2025-12-24
FAC_F720453B90,Morocco Industrial 1555 Facility 1,Morocco,2025-12-24
FAC_954AC8B515,Morocco Industrial 1555 Facility 2,Morocco,2025-12-24
FAC_B0EE150FD4,Morocco Industrial 1555 Facility 3,Morocco,2025-12-24
FAC_FBA177AD5B,Morocco Industrial 1555 Facility 4,Morocco,2025-12-24
FAC_56F2A388A5,Morocco Industrial 1555 Facility 5,Morocco,2025-12-24
FAC_9263708BDE,Morocco Industrial 1555 Facility 6,Morocco,2025-12-24
FAC_5618DC5D8E,Morocco Industrial 1555 Facility 7,Morocco,2025-12-24
FAC_5A9981C424,Morocco Industrial 1555 Facility 8,Morocco,2025-12-24
FAC_D77BFF1065,Morocco Industrial 1555 Facility 9,Morocco,2025-12-24
FAC_866A7897B6,Morocco Industrial 1555 Facility 10,Morocco,2025-12-24
FAC_1087751CFB,Morocco Industrial 1555 Facility 11,Morocco,2025-12-24
FAC_4FEC109D5A,Morocco Industrial 1555 Facility 12,Morocco,2025-12-24
FAC_BA8C3B38DB,Morocco Industrial 1666 Facility 1,Morocco,2025-12-24
FAC_2F48EBA692,Morocco Industrial 1666 Facility 2,Morocco,2025-12-24
FAC_AA1FD5F453,Morocco Industrial 1666 Facility 3,Morocco,2025-12-24
FAC_74514C5290,Morocco Industrial 1666 Facility 4,Morocco,2025-12-24
FAC_B53B0A64A2,Morocco Industrial 1666 Facility 5,Morocco,2025-12-24
FAC_676E2C1070,Spain Industrial 1715 Facility 1,Spain,2025-12-24
FAC_25870541AC,Spain Industrial 1715 Facility 2,Spain,2025-12-24
FAC_F697D528EC,Spain Industrial 1715 Facility 3,Spain,2025-12-24
FAC_0616BC38C3,Spain Industrial 1715 Facility 4,Spain,2025-12-24
FAC_F82630CAC8,Spain Industrial 1716 Lda Facility 1,Spain,2025-12-24
FAC_5931CB2A9A,Spain Industrial 1716 Lda Facility 2,Spain,2025-12-24
FAC_198E8695B5,Spain Industrial 1716 Lda Facility 3,Spain,2025-12-24
FAC_FD1DE15D4C,Spain Industrial 1716 Lda Facility 4,Spain,2025-12-24
FAC_5334B7773C,Spain Industrial 1716 Lda Facility 5,Spain,2025-12-24
FAC_B69DF58ED7,Spain Industrial 1716 Lda Facility 6,Spain,2025-12-24
FAC_5FF75359A9,Spain Industrial 1716 Lda Facility 7,Spain,2025-12-24
FAC_31CC6590F0,Spain Industrial 1716 Lda Facility 8,Spain,2025-12-24
FAC_D3D188657D,Spain Industrial 1720 Spa Facility 1,Spain,2025-12-24
FAC_6CCACF42A5,Spain Industrial 1720 Spa Facility 2,Spain,2025-12-24
FAC_DCD4A77173,Spain Industrial 1720 Spa Facility 3,Spain,2025-12-24
FAC_33F3A3A4E5,Spain Industrial 1720 Spa Facility 4,Spain,2025-12-24
FAC_F3A4D3BBA9,Spain Industrial 1720 Spa Facility 5,Spain,2025-12-24
FAC_7238F4CE06,Spain Industrial 1720 Spa Facility 6,Spain,2025-12-24
FAC_71CE980D33,Spain Industrial 1720 Spa Facility 7,Spain,2025-12-24
FAC_1162578643,Spain Industrial 1720 Spa Facility 8,Spain,2025-12-24
FAC_38A6A80B45,Spain Industrial 1720 Spa Facility 9,Spain,2025-12-24
FAC_E46C1D5C94,Spain Industrial 1720 Spa Facility 10,Spain,2025-12-24
FAC_28B708C343,Spain Industrial 1800 Facility 1,Spain,2025-12-24
FAC_6D90BFFE12,Spain Industrial 1800 Facility 2,Spain,2025-12-24
FAC_8AF3D942E3,Spain Industrial 1800 Facility 3,Spain,2025-12-24
FAC_B79EFC8A21,Spain Industrial 1800 Facility 4,Spain,2025-12-24
FAC_D12720CBF0,Spain Industrial 1800 Facility 5,Spain,2025-12-24
FAC_0FB24CE49D,Spain Industrial 1819 Spa Facility 1,Spain,2025-12-24
FAC_F768138704,Spain Industrial 1819 Spa Facility 2,Spain,2025-12-24
FAC_78FBC9A813,Spain Industrial 1819 Spa Facility 3,Spain,2025-12-24
FAC_3662B5EAD3,Spain Industrial 1819 Spa Facility 4,Spain,2025-12-24
FAC_237D5AFD4A,Spain Industrial 1819 Spa Facility 5,Spain,2025-12-24
FAC_7F07075AEC,Spain Industrial 1820 Lda Facility 1,Spain,2025-12-24
FAC_6C19C57D3B,Spain Industrial 1820 Lda Facility 2,Spain,2025-12-24
FAC_C51228AEFA,Spain Industrial 1820 Lda Facility 3,Spain,2025-12-24
FAC_A26342DC79,Spain Industrial 1820 Lda Facility 4,Spain,2025-12-24
FAC_5737E27836,Spain Industrial 1820 Lda Facility 5,Spain,2025-12-24
FAC_8431C2AD0E,Spain Industrial 1820 Lda Facility 6,Spain,2025-12-24
FAC_233C8F7E9E,Spain Industrial 1820 Lda Facility 7,Spain,2025-12-24
FAC_DB689E5920,Spain Industrial 1820 Lda Facility 8,Spain,2025-12-24
FAC_8F0C7B4B64,Spain Industrial 1820 Lda Facility 9,Spain,2025-12-24
FAC_EF585F1AAB,Spain Industrial 1922 Facility 1,Spain,2025-12-24
FAC_FD9ECAA372,Spain Industrial 1922 Facility 2,Spain,2025-12-24
FAC_2F52B99AFC,Spain Industrial 1922 Facility 3,Spain,2025-12-24
FAC_2934C49CFE,Spain Industrial 1922 Facility 4,Spain,2025-12-24
FAC_E469D564D9,Spain Industrial 1922 Facility 5,Spain,2025-12-24
FAC_B621FDF8EB,Spain Industrial 1922 Facility 6,Spain,2025-12-24
FAC_4B73D9487A,Spain Industrial 1922 Facility 7,Spain,2025-12-24
FAC_2C9C86A49C,Spain Industrial 1945 Lda Facility 1,Spain,2025-12-24
FAC_FEB73839CA,Spain Industrial 1945 Lda Facility 2,Spain,2025-12-24
FAC_2D6959D691,Spain Industrial 1945 Lda Facility 3,Spain,2025-12-24
FAC_84D939162B,Spain Industrial 1945 Lda Facility 4,Spain,2025-12-24
FAC_1576B09D19,Spain Industrial 2013 Facility 1,Spain,2025-12-24
FAC_37F14812BA,Spain Industrial 2013 Facility 2,Spain,2025-12-24
FAC_5E248BD4D5,Spain Industrial 2013 Facility 3,Spain,2025-12-24
FAC_D833E762C2,Spain Industrial 2013 Facility 4,Spain,2025-12-24
FAC_BA6E3B206D,Spain Industrial 2013 Facility 5,Spain,2025-12-24
FAC_58A2D62FC1,Spain Industrial 2213 Spa Facility 1,Spain,2025-12-24
FAC_A81A5BB2CD,Spain Industrial 2213 Spa Facility 2,Spain,2025-12-24
FAC_99B4DE0643,Spain Industrial 2213 Spa Facility 3,Spain,2025-12-24
FAC_5E76BBA65B,Spain Industrial 2213 Spa Facility 4,Spain,2025-12-24
FAC_B82D1D983B,Spain Industrial 2213 Spa Facility 5,Spain,2025-12-24
FAC_1459B5FA30,Spain Industrial 2213 Spa Facility 6,Spain,2025-12-24
FAC_281DD38011,Spain Industrial 2213 Spa Facility 7,Spain,2025-12-24
FAC_5BE56411B1,Spain Industrial 2221 Lda Facility 1,Spain,2025-12-24
FAC_DB97F498DD,Spain Industrial 2221 Lda Facility 2,Spain,2025-12-24
FAC_A9613D21B3,Spain Industrial 2221 Lda Facility 3,Spain,2025-12-24
FAC_5D872675C0,Spain Industrial 2221 Lda Facility 4,Spain,2025-12-24
FAC_65C63CCF78,Spain Industrial 2354 Lda Facility 1,Spain,2025-12-24
FAC_55B35093F6,Spain Industrial 2354 Lda Facility 2,Spain,2025-12-24
FAC_34DF41B3E7,Spain Industrial 2444 Facility 1,Spain,2025-12-24
FAC_E353DAE88B,Spain Industrial 2449 Spa Facility 1,Spain,2025-12-24
FAC_65105E69A2,Spain Industrial 2449 Spa Facility 2,Spain,2025-12-24
FAC_BEEF72FBB4,Spain Industrial 2449 Spa Facility 3,Spain,2025-12-24
FAC_435597DD24,Spain Industrial 2449 Spa Facility 4,Spain,2025-12-24
FAC_E86611603E,Spain Industrial 2449 Spa Facility 5,Spain,2025-12-24
FAC_D6554FC076,Spain Industrial 2449 Spa Facility 6,Spain,2025-12-24
FAC_CB66D717A0,Spain Industrial 2449 Spa Facility 7,Spain,2025-12-24
FAC_29D73475C6,Spain Industrial 2449 Spa Facility 8,Spain,2025-12-24
FAC_8367B04086,Spain Industrial 2449 Spa Facility 9,Spain,2025-12-24
FAC_53FA2FDDCA,Spain Industrial 2555 Facility 1,Spain,2025-12-24
FAC_3C289DAFDD,Spain Industrial 2555 Facility 2,Spain,2025-12-24
FAC_FBCDEFACAE,Spain Industrial 2555 Facility 3,Spain,2025-12-24
FAC_95A119B941,Spain Industrial 2555 Facility 4,Spain,2025-12-24
FAC_D973F173F5,Spain Industrial 2565 Spa Facility 1,Spain,2025-12-24
FAC_090E4480EC,Spain Industrial 2565 Spa Facility 2,Spain,2025-12-24
FAC_76A530EF99,Spain Industrial 2565 Spa Facility 3,Spain,2025-12-24
FAC_EBE2C16CDE,Spain Industrial 2565 Spa Facility 4,Spain,2025-12-24
FAC_1FA53ACEB0,Spain Industrial 2565 Spa Facility 5,Spain,2025-12-24
FAC_90A8535442,Spain Industrial 2565 Spa Facility 6,Spain,2025-12-24
FAC_D8FEC6832B,Spain Industrial 2565 Spa Facility 7,Spain,2025-12-24
FAC_4AE67622A2,Spain Industrial 2666 Facility 1,Spain,2025-12-24
FAC_65A9C3D893,Spain Industrial 2666 Facility 2,Spain,2025-12-24
FAC_80F41B4F2B,Spain Industrial 2666 Facility 3,Spain,2025-12-24
FAC_C1B8B898E0,Spain Industrial 2666 Facility 4,Spain,2025-12-24
FAC_96C4BE7ADE,Spain Industrial 2668 Lda Facility 1,Spain,2025-12-24
FAC_2480B3CBAD,Spain Industrial 2668 Lda Facility 2,Spain,2025-12-24
FAC_643F73A55C,Spain Industrial 2668 Lda Facility 3,Spain,2025-12-24
FAC_980C46F362,Spain Industrial 2668 Lda Facility 4,Spain,2025-12-24
FAC_F8B307009C,Spain Industrial 2668 Lda Facility 5,Spain,2025-12-24
FAC_593BCF6B43,Spain Industrial 2668 Lda Facility 6,Spain,2025-12-24
FAC_010A252C76,Spain Industrial 2668 Lda Facility 7,Spain,2025-12-24
FAC_1A4DD02BDA,Spain Industrial 2668 Lda Facility 8,Spain,2025-12-24
FAC_7F233AE034,Spain Industrial 2668 Lda Facility 9,Spain,2025-12-24
FAC_E1F100E863,Spain Industrial 2668 Lda Facility 10,Spain,2025-12-24
FAC_7477796A99,Spain Industrial 2668 Lda Facility 11,Spain,2025-12-24
FAC_6023F0E778,Spain Industrial 2777 Facility 1,Spain,2025-12-24
FAC_0049348B16,Spain Industrial 2778 Spa Facility 1,Spain,2025-12-24
FAC_D1DCA693F7,Spain Industrial 2778 Spa Facility 2,Spain,2025-12-24
FAC_B7ABD46968,Spain Industrial 2778 Spa Facility 3,Spain,2025-12-24
FAC_7EFD3092DF,Spain Industrial 2778 Spa Facility 4,Spain,2025-12-24
FAC_52B11DEC2A,Spain Industrial 2778 Spa Facility 5,Spain,2025-12-24
FAC_204A6204B2,Spain Industrial 2778 Spa Facility 6,Spain,2025-12-24
FAC_B67E05AEA8,Spain Industrial 2778 Spa Facility 7,Spain,2025-12-24
FAC_0655842232,Spain Industrial 2778 Spa Facility 8,Spain,2025-12-24
FAC_70F735E62B,Spain Industrial 2799 Lda Facility 1,Spain,2025-12-24
FAC_20CB04EF2D,Spain Industrial 2888 Facility 1,Spain,2025-12-24
FAC_DB2455688C,Spain Industrial 2888 Facility 2,Spain,2025-12-24
FAC_BC30F29D3B,Spain Industrial 2888 Facility 3,Spain,2025-12-24
FAC_59FDF2BF04,Spain Industrial 2999 Facility 1,Spain,2025-12-24
FAC_94906B9A32,Spain Industrial 2999 Facility 2,Spain,2025-12-24
FAC_58937B9492,Spain Industrial 2999 Facility 3,Spain,2025-12-24
FAC_054D36629E,Spain Industrial 3000 Spa Facility 1,Spain,2025-12-24
FAC_7DD2C20E65,Spain Industrial 3000 Spa Facility 2,Spain,2025-12-24
FAC_16386FEAD0,Spain Industrial 3000 Spa Facility 3,Spain,2025-12-24
FAC_2FE78BBD16,Spain Industrial 3000 Spa Facility 4,Spain,2025-12-24
FAC_992673591F,Spain Industrial 3000 Spa Facility 5,Spain,2025-12-24
FAC_D76C7A081D,Spain Industrial 3000 Spa Facility 6,Spain,2025-12-24
FAC_C96BB4DDB2,Spain Industrial 3000 Spa Facility 7,Spain,2025-12-24
FAC_0E86331221,Spain Industrial 3000 Spa Facility 8,Spain,2025-12-24
FAC_166FB60D41,Spain Industrial 3000 Spa Facility 9,Spain,2025-12-24
FAC_30E1B64DB4,Spain Industrial 3000 Spa Facility 10,Spain,2025-12-24
FAC_B746D6613E,Spain Industrial 3001 Lda Facility 1,Spain,2025-12-24
FAC_2EAC231189,Spain Industrial 3001 Lda Facility 2,Spain,2025-12-24
FAC_F5080BEC22,Spain Industrial 3001 Lda Facility 3,Spain,2025-12-24
FAC_3D53E52391,Spain Industrial 3001 Lda Facility 4,Spain,2025-12-24
FAC_1B5309EF8A,Spain Industrial 3001 Lda Facility 5,Spain,2025-12-24
FAC_82ED61A6B9,Spain Industrial 3001 Lda Facility 6,Spain,2025-12-24
FAC_E79A23506A,Spain Industrial 3001 Lda Facility 7,Spain,2025-12-24
FAC_7E249C5107,Spain Industrial 3001 Lda Facility 8,Spain,2025-12-24
FAC_74E25BF883,Spain Industrial 3042 Facility 1,Spain,2025-12-24
FAC_7124E78F9C,Spain Industrial 3042 Facility 2,Spain,2025-12-24
FAC_A95B2667A2,Spain Industrial 3042 Facility 3,Spain,2025-12-24
FAC_66C18F9E4D,Spain Industrial 3042 Facility 4,Spain,2025-12-24
FAC_8A03E08199,Spain Industrial 3042 Facility 5,Spain,2025-12-24
FAC_38252B771E,Spain Industrial 3042 Facility 6,Spain,2025-12-24
FAC_E6CFF12AD0,Spain Industrial 3042 Facility 7,Spain,2025-12-24
FAC_14403F733D,Spain Industrial 3042 Facility 8,Spain,2025-12-24
FAC_AF3DC4A951,Spain Industrial 3316 Facility 1,Spain,2025-12-24
FAC_FBFD35A78C,Spain Industrial 3316 Facility 2,Spain,2025-12-24
FAC_FEBB72A07A,Spain Industrial 3316 Facility 3,Spain,2025-12-24
FAC_5302F340CB,Spain Industrial 3316 Facility 4,Spain,2025-12-24
FAC_B7870160CD,Spain Industrial 3316 Facility 5,Spain,2025-12-24
FAC_9B36B7546F,Spain Industrial 3316 Facility 6,Spain,2025-12-24
FAC_7F6D386AF1,Spain Industrial 3332 Spa Facility 1,Spain,2025-12-24
FAC_1A7CA7AD7A,Spain Industrial 3332 Spa Facility 2,Spain,2025-12-24
FAC_B1DE287234,Spain Industrial 3338 Lda Facility 1,Spain,2025-12-24
FAC_65CFC68AE8,Spain Industrial 3338 Lda Facility 2,Spain,2025-12-24
FAC_4E25D6AE4A,Spain Industrial 3338 Lda Facility 3,Spain,2025-12-24
FAC_3D43AB18F3,Spain Industrial 3338 Lda Facility 4,Spain,2025-12-24
FAC_3963C1F053,Spain Industrial 3338 Lda Facility 5,Spain,2025-12-24
FAC_3FFF95A0EA,Spain Industrial 3338 Lda Facility 6,Spain,2025-12-24
FAC_363AF0F00D,Spain Industrial 3338 Lda Facility 7,Spain,2025-12-24
FAC_EA681A2CD8,Spain Industrial 3338 Lda Facility 8,Spain,2025-12-24
FAC_93899BF217,Spain Industrial 3338 Lda Facility 9,Spain,2025-12-24
FAC_2BF95EAEAE,Spain Industrial 3338 Lda Facility 10,Spain,2025-12-24
FAC_68CABCBD4C,Spain Industrial 3338 Lda Facility 11,Spain,2025-12-24
FAC_B5C49C596B,Spain Industrial 3415 Spa Facility 1,Spain,2025-12-24
FAC_969AFC26C1,Spain Industrial 3415 Spa Facility 2,Spain,2025-12-24
FAC_F153031392,Spain Industrial 3415 Spa Facility 3,Spain,2025-12-24
FAC_127170C979,Spain Industrial 3415 Spa Facility 4,Spain,2025-12-24
FAC_7BC8CAE11E,Spain Industrial 3415 Spa Facility 5,Spain,2025-12-24
FAC_FFB7965F25,Portugal Industrial 3429 Facility 1,Portugal,2025-12-24
FAC_53E830A30A,Portugal Industrial 3429 Facility 2,Portugal,2025-12-24
FAC_1B226B43CF,Portugal Industrial 3434 Spa Facility 1,Portugal,2025-12-24
FAC_7479F39162,Portugal Industrial 3434 Spa Facility 2,Portugal,2025-12-24
FAC_AE7A20BDC8,Portugal Industrial 3434 Spa Facility 3,Portugal,2025-12-24
FAC_D30FF8A430,Portugal Industrial 3434 Spa Facility 4,Portugal,2025-12-24
FAC_3B58269FC1,Portugal Industrial 3434 Spa Facility 5,Portugal,2025-12-24
FAC_69F0BEA8D8,Portugal Industrial 3434 Spa Facility 6,Portugal,2025-12-24
FAC_3D8D2826B6,Portugal Industrial 3441 Lda Facility 1,Portugal,2025-12-24
FAC_9A22E87504,Portugal Industrial 3441 Lda Facility 2,Portugal,2025-12-24
FAC_D58A741C00,Portugal Industrial 3441 Lda Facility 3,Portugal,2025-12-24
FAC_A9EA65F1DB,Portugal Industrial 3441 Lda Facility 4,Portugal,2025-12-24
FAC_ADD33E482E,Portugal Industrial 3441 Lda Facility 5,Portugal,2025-12-24
FAC_039B3E3376,Portugal Industrial 3441 Lda Facility 6,Portugal,2025-12-24
FAC_EA3147E680,Portugal Industrial 3441 Lda Facility 7,Portugal,2025-12-24
FAC_604715A49A,Portugal Industrial 3500 Facility 1,Portugal,2025-12-24
FAC_179FCB281B,Portugal Industrial 3500 Facility 2,Portugal,2025-12-24
FAC_EB446AFBA3,Portugal Industrial 3500 Facility 3,Portugal,2025-12-24
FAC_C5AF4ED4FF,Portugal Industrial 3500 Facility 4,Portugal,2025-12-24
FAC_5421C247AA,Portugal Industrial 3500 Facility 5,Portugal,2025-12-24
FAC_AD787ACE99,Portugal Industrial 3500 Facility 6,Portugal,2025-12-24
FAC_D21C8D219D,Portugal Industrial 3506 Lda Facility 1,Portugal,2025-12-24
FAC_DAFCECBD10,Portugal Industrial 3506 Lda Facility 2,Portugal,2025-12-24
FAC_665BD85C8E,Portugal Industrial 3506 Lda Facility 3,Portugal,2025-12-24
FAC_644423EC02,Portugal Industrial 3506 Lda Facility 4,Portugal,2025-12-24
FAC_901FCACE68,Portugal Industrial 3506 Lda Facility 5,Portugal,2025-12-24
FAC_2F489FF9BE,Portugal Industrial 3506 Lda Facility 6,Portugal,2025-12-24
FAC_C83A91DADF,Portugal Industrial 3506 Lda Facility 7,Portugal,2025-12-24
FAC_2C831E28CA,Portugal Industrial 3506 Lda Facility 8,Portugal,2025-12-24
FAC_B2EAD69C71,Portugal Industrial 3506 Lda Facility 9,Portugal,2025-12-24
FAC_08FAC61EAF,Portugal Industrial 3506 Lda Facility 10,Portugal,2025-12-24
FAC_46A927E4F6,Portugal Industrial 3506 Lda Facility 11,Portugal,2025-12-24
FAC_2C720ABD6A,Portugal Industrial 3507 Spa Facility 1,Portugal,2025-12-24
FAC_26B3339CFE,Portugal Industrial 3507 Spa Facility 2,Portugal,2025-12-24
FAC_9BFF86331A,Portugal Industrial 3507 Spa Facility 3,Portugal,2025-12-24
FAC_84652DE6A8,Portugal Industrial 3507 Spa Facility 4,Portugal,2025-12-24
FAC_8975182140,Portugal Industrial 3507 Spa Facility 5,Portugal,2025-12-24
FAC_C4D73D12D6,Portugal Industrial 3507 Spa Facility 6,Portugal,2025-12-24
FAC_A01F51A4AE,Portugal Industrial 3507 Spa Facility 7,Portugal,2025-12-24
FAC_0813AD8D8C,Portugal Industrial 3507 Spa Facility 8,Portugal,2025-12-24
FAC_D4884BED0D,Portugal Industrial 3507 Spa Facility 9,Portugal,2025-12-24
FAC_8BC5EFACEB,Portugal Industrial 3507 Spa Facility 10,Portugal,2025-12-24
FAC_9189D5747B,Portugal Industrial 3507 Spa Facility 11,Portugal,2025-12-24
FAC_1ECB5F8D4C,Portugal Industrial 3507 Spa Facility 12,Portugal,2025-12-24
FAC_59742BBBF6,Portugal Industrial 3611 Spa Facility 1,Portugal,2025-12-24
FAC_D39D9AA1D6,Portugal Industrial 3611 Spa Facility 2,Portugal,2025-12-24
FAC_622D9634B0,Portugal Industrial 3613 Facility 1,Portugal,2025-12-24
FAC_988FA531D8,Portugal Industrial 3613 Facility 2,Portugal,2025-12-24
FAC_9E8B6824A0,Portugal Industrial 3613 Facility 3,Portugal,2025-12-24
FAC_274B071412,Portugal Industrial 3613 Facility 4,Portugal,2025-12-24
FAC_DF02F3A140,Portugal Industrial 3613 Facility 5,Portugal,2025-12-24
FAC_38E30D7ED6,Portugal Industrial 3613 Facility 6,Portugal,2025-12-24
FAC_E0A743349D,Portugal Industrial 3613 Facility 7,Portugal,2025-12-24
FAC_FFC2A7FD21,Portugal Industrial 3613 Facility 8,Portugal,2025-12-24
FAC_47D26094F1,Portugal Industrial 3613 Facility 9,Portugal,2025-12-24
FAC_64144422B5,Portugal Industrial 3613 Facility 10,Portugal,2025-12-24
FAC_84C5C589FF,Portugal Industrial 3777 Facility 1,Portugal,2025-12-24
FAC_6D42ED05B1,Portugal Industrial 3777 Facility 2,Portugal,2025-12-24
FAC_24EC9ABEE4,Portugal Industrial 3777 Facility 3,Portugal,2025-12-24
FAC_A5DA29EDDB,Portugal Industrial 3777 Facility 4,Portugal,2025-12-24
FAC_0524249575,Portugal Industrial 3777 Facility 5,Portugal,2025-12-24
FAC_4C378BB29B,Portugal Industrial 3777 Facility 6,Portugal,2025-12-24
FAC_30D42819D3,Portugal Industrial 3777 Facility 7,Portugal,2025-12-24
FAC_B382D96AA9,Portugal Industrial 3777 Facility 8,Portugal,2025-12-24
FAC_16576F242B,Portugal Industrial 3777 Facility 9,Portugal,2025-12-24
FAC_095690C5DE,Portugal Industrial 3777 Facility 10,Portugal,2025-12-24
FAC_4EBA6FBF3C,Portugal Industrial 3777 Facility 11,Portugal,2025-12-24
FAC_2758689364,Portugal Industrial 3777 Facility 12,Portugal,2025-12-24
FAC_C4916935DD,Portugal Industrial 3792 Lda Facility 1,Portugal,2025-12-24
FAC_9AF1427C07,Portugal Industrial 3792 Lda Facility 2,Portugal,2025-12-24
FAC_9CCB18D4C4,Portugal Industrial 3792 Lda Facility 3,Portugal,2025-12-24
FAC_5F5122F99B,Portugal Industrial 3792 Lda Facility 4,Portugal,2025-12-24
FAC_D10F065A84,Portugal Industrial 3792 Lda Facility 5,Portugal,2025-12-24
FAC_87522A7096,Portugal Industrial 3833 Lda Facility 1,Portugal,2025-12-24
FAC_BEA2CDB0A7,Portugal Industrial 3833 Lda Facility 2,Portugal,2025-12-24
FAC_D68FD321CB,Portugal Industrial 3833 Lda Facility 3,Portugal,2025-12-24
FAC_BDC4139F9E,Portugal Industrial 3833 Lda Facility 4,Portugal,2025-12-24
FAC_869B02BF63,Portugal Industrial 3833 Lda Facility 5,Portugal,2025-12-24
FAC_A737669253,Portugal Industrial 3833 Lda Facility 6,Portugal,2025-12-24
FAC_C647D11DFD,Portugal Industrial 3898 Spa Facility 1,Portugal,2025-12-24
FAC_47690C5233,Portugal Industrial 3898 Spa Facility 2,Portugal,2025-12-24
FAC_55453059D8,Portugal Industrial 3898 Spa Facility 3,Portugal,2025-12-24
FAC_B4B01C3F5C,Portugal Industrial 3898 Spa Facility 4,Portugal,2025-12-24
FAC_55D5073414,Portugal Industrial 3898 Spa Facility 5,Portugal,2025-12-24
FAC_F504BC2F5F,Portugal Industrial 4005 Lda Facility 1,Portugal,2025-12-24
FAC_9326B1B3C0,Portugal Industrial 4005 Lda Facility 2,Portugal,2025-12-24
FAC_234197EA18,Portugal Industrial 4005 Lda Facility 3,Portugal,2025-12-24
FAC_BB40DD7340,Portugal Industrial 4005 Lda Facility 4,Portugal,2025-12-24
FAC_C9AF8EA688,Portugal Industrial 4005 Lda Facility 5,Portugal,2025-12-24
FAC_94C2736062,Portugal Industrial 4005 Lda Facility 6,Portugal,2025-12-24
FAC_AE1969D08A,Portugal Industrial 4005 Lda Facility 7,Portugal,2025-12-24
FAC_0E2ED041DB,Portugal Industrial 4005 Lda Facility 8,Portugal,2025-12-24
FAC_FBB7E78D96,Portugal Industrial 4005 Lda Facility 9,Portugal,2025-12-24
FAC_C2FA28BA69,Portugal Industrial 4005 Lda Facility 10,Portugal,2025-12-24
FAC_7677429324,Portugal Industrial 4005 Lda Facility 11,Portugal,2025-12-24
FAC_7E3B4B6F9A,Portugal Industrial 4005 Lda Facility 12,Portugal,2025-12-24
FAC_8AF1E0BFE2,Portugal Industrial 4009 Spa Facility 1,Portugal,2025-12-24
FAC_00A466C0A4,Portugal Industrial 4009 Spa Facility 2,Portugal,2025-12-24
FAC_1AF4473B37,Portugal Industrial 4009 Spa Facility 3,Portugal,2025-12-24
FAC_AF79170A9E,Portugal Industrial 4009 Spa Facility 4,Portugal,2025-12-24
FAC_AF219790ED,Portugal Industrial 4009 Spa Facility 5,Portugal,2025-12-24
FAC_90B1D80003,Portugal Industrial 4009 Spa Facility 6,Portugal,2025-12-24
FAC_01721615E3,Portugal Industrial 4014 Facility 1,Portugal,2025-12-24
FAC_6EA92C3509,Portugal Industrial 4155 Spa Facility 1,Portugal,2025-12-24
FAC_0980528EC8,Portugal Industrial 4155 Spa Facility 2,Portugal,2025-12-24
FAC_318BE22850,Portugal Industrial 4155 Spa Facility 3,Portugal,2025-12-24
FAC_7DE93C2D7C,Portugal Industrial 4155 Spa Facility 4,Portugal,2025-12-24
FAC_4EC224E3A3,Portugal Industrial 4155 Spa Facility 5,Portugal,2025-12-24
FAC_73C6251FF0,Portugal Industrial 4155 Spa Facility 6,Portugal,2025-12-24
FAC_EEDE74668F,Portugal Industrial 4155 Spa Facility 7,Portugal,2025-12-24
FAC_4BDF80CE9A,Portugal Industrial 4155 Spa Facility 8,Portugal,2025-12-24
FAC_4751196626,Portugal Industrial 4228 Spa Facility 1,Portugal,2025-12-24
FAC_FB241EFE36,Portugal Industrial 4266 Lda Facility 1,Portugal,2025-12-24
FAC_2A69E9037A,Portugal Industrial 4266 Lda Facility 2,Portugal,2025-12-24
FAC_D8EE3B28F7,Portugal Industrial 4553 Facility 1,Portugal,2025-12-24
FAC_AE32B02ACF,Portugal Industrial 4553 Facility 2,Portugal,2025-12-24
FAC_86789E5C5F,Portugal Industrial 4553 Facility 3,Portugal,2025-12-24
FAC_92066DAECD,Portugal Industrial 4553 Facility 4,Portugal,2025-12-24
FAC_A2831D81E3,Portugal Industrial 4553 Facility 5,Portugal,2025-12-24
FAC_E79AFBC282,Portugal Industrial 4553 Facility 6,Portugal,2025-12-24
FAC_526DF195E7,Portugal Industrial 4553 Facility 7,Portugal,2025-12-24
FAC_F3690C895F,Portugal Industrial 4553 Facility 8,Portugal,2025-12-24
FAC_7AA2DF6F83,Portugal Industrial 4553 Facility 9,Portugal,2025-12-24
FAC_8D7611A640,Portugal Industrial 4553 Facility 10,Portugal,2025-12-24
FAC_5FE73F7B83,Portugal Industrial 4553 Facility 11,Portugal,2025-12-24
FAC_59FF0D08D0,Portugal Industrial 4553 Facility 12,Portugal,2025-12-24
FAC_969CC7DAE0,Portugal Industrial 4666 Facility 1,Portugal,2025-12-24
FAC_005FD6CBE3,Portugal Industrial 4666 Facility 2,Portugal,2025-12-24
FAC_1A221734B3,Portugal Industrial 4677 Spa Facility 1,Portugal,2025-12-24
FAC_0A912E39AF,Portugal Industrial 4677 Spa Facility 2,Portugal,2025-12-24
FAC_78F9EBB506,Portugal Industrial 4677 Spa Facility 3,Portugal,2025-12-24
FAC_F52859EACF,Portugal Industrial 4677 Spa Facility 4,Portugal,2025-12-24
FAC_C18FAEAE94,Portugal Industrial 4677 Spa Facility 5,Portugal,2025-12-24
FAC_72D6EE9643,Portugal Industrial 4677 Spa Facility 6,Portugal,2025-12-24
FAC_EE8D4EBFEF,Portugal Industrial 4677 Spa Facility 7,Portugal,2025-12-24
FAC_14F5C2F686,Portugal Industrial 4677 Spa Facility 8,Portugal,2025-12-24
FAC_820688172C,Portugal Industrial 4677 Spa Facility 9,Portugal,2025-12-24
FAC_A16F084141,Portugal Industrial 4677 Spa Facility 10,Portugal,2025-12-24
FAC_F14D342D92,Portugal Industrial 4677 Spa Facility 11,Portugal,2025-12-24
FAC_AC50E35B85,Portugal Industrial 4788 Lda Facility 1,Portugal,2025-12-24
FAC_2F5C5EDD79,Portugal Industrial 4878 Facility 1,Portugal,2025-12-24
FAC_3AA04F2963,Portugal Industrial 4878 Facility 2,Portugal,2025-12-24
FAC_ECE4F043D9,Portugal Industrial 4878 Facility 3,Portugal,2025-12-24
FAC_2DC2F04156,Portugal Industrial 4993 Lda Facility 1,Portugal,2025-12-24
FAC_A0896F81A7,Portugal Industrial 4993 Lda Facility 2,Portugal,2025-12-24
FAC_29C5F08565,Portugal Industrial 4993 Lda Facility 3,Portugal,2025-12-24
FAC_B0CC59D9A2,Portugal Industrial 4993 Lda Facility 4,Portugal,2025-12-24
FAC_2F090FD4C7,Portugal Industrial 4993 Lda Facility 5,Portugal,2025-12-24
FAC_B1D8E163EB,Portugal Industrial 4993 Lda Facility 6,Portugal,2025-12-24
FAC_42862B6BEE,Portugal Industrial 5111 Facility 1,Portugal,2025-12-24
FAC_E94A4B75E2,Portugal Industrial 5115 Lda Facility 1,Portugal,2025-12-24
FAC_85F97D70EB,Portugal Industrial 5115 Lda Facility 2,Portugal,2025-12-24
FAC_499E18003F,Portugal Industrial 5115 Lda Facility 3,Portugal,2025-12-24
FAC_4A7094C7DA,Portugal Industrial 5115 Lda Facility 4,Portugal,2025-12-24
FAC_069038875B,Portugal Industrial 5115 Lda Facility 5,Portugal,2025-12-24
FAC_A810407800,Portugal Industrial 5115 Lda Facility 6,Portugal,2025-12-24
FAC_0B401CC3B7,Portugal Industrial 5115 Lda Facility 7,Portugal,2025-12-24
FAC_DB28B0797F,Portugal Industrial 5115 Lda Facility 8,Portugal,2025-12-24
FAC_1262554F0C,Portugal Industrial 5115 Lda Facility 9,Portugal,2025-12-24
FAC_2BDD9A6529,Portugal Industrial 5115 Lda Facility 10,Portugal,2025-12-24
FAC_97E6DABA28,Italy Industrial 5143 Facility 1,Italy,2025-12-24
FAC_3D9821A713,Italy Industrial 5143 Facility 2,Italy,2025-12-24
FAC_AAB3D90920,Italy Industrial 5143 Facility 3,Italy,2025-12-24
FAC_4A3A0EA516,Italy Industrial 5143 Facility 4,Italy,2025-12-24
FAC_B04B2A94C8,Italy Industrial 5143 Facility 5,Italy,2025-12-24
FAC_154F3A2D11,Italy Industrial 5143 Facility 6,Italy,2025-12-24
FAC_3E13D06D70,Italy Industrial 5143 Facility 7,Italy,2025-12-24
FAC_4008D21453,Italy Industrial 5147 Lda Facility 1,Italy,2025-12-24
FAC_9F97054AE0,Italy Industrial 5147 Lda Facility 2,Italy,2025-12-24
FAC_0784AEAEC1,Italy Industrial 5147 Lda Facility 3,Italy,2025-12-24
FAC_85C17CB0CB,Italy Industrial 5147 Lda Facility 4,Italy,2025-12-24
FAC_0E848695CA,Italy Industrial 5147 Lda Facility 5,Italy,2025-12-24
FAC_4EC042BBDD,Italy Industrial 5147 Lda Facility 6,Italy,2025-12-24
FAC_396D9C4F9E,Italy Industrial 5147 Lda Facility 7,Italy,2025-12-24
FAC_99BA771451,Italy Industrial 5162 Spa Facility 1,Italy,2025-12-24
FAC_7D19277C4C,Italy Industrial 5162 Spa Facility 2,Italy,2025-12-24
FAC_108F626379,Italy Industrial 5162 Spa Facility 3,Italy,2025-12-24
FAC_C02CF98F29,Italy Industrial 5162 Spa Facility 4,Italy,2025-12-24
FAC_53B517B21E,Italy Industrial 5162 Spa Facility 5,Italy,2025-12-24
FAC_B759D73C6E,Italy Industrial 5162 Spa Facility 6,Italy,2025-12-24
FAC_B252E58B40,Italy Industrial 5200 Facility 1,Italy,2025-12-24
FAC_27A1AC29E8,Italy Industrial 5200 Facility 2,Italy,2025-12-24
FAC_5998A88A15,Italy Industrial 5200 Facility 3,Italy,2025-12-24
FAC_5DCC023324,Italy Industrial 5200 Facility 4,Italy,2025-12-24
FAC_BAA0656C30,Italy Industrial 5208 Lda Facility 1,Italy,2025-12-24
FAC_AF88E84784,Italy Industrial 5208 Lda Facility 2,Italy,2025-12-24
FAC_091052F260,Italy Industrial 5208 Lda Facility 3,Italy,2025-12-24
FAC_DF9FD8E345,Italy Industrial 5208 Lda Facility 4,Italy,2025-12-24
FAC_A61DBFF154,Italy Industrial 5208 Lda Facility 5,Italy,2025-12-24
FAC_8B3E8AF634,Italy Industrial 5208 Lda Facility 6,Italy,2025-12-24
FAC_104295DB1E,Italy Industrial 5208 Lda Facility 7,Italy,2025-12-24
FAC_160C60A12E,Italy Industrial 5208 Lda Facility 8,Italy,2025-12-24
FAC_C2F0F3E728,Italy Industrial 5208 Lda Facility 9,Italy,2025-12-24
FAC_C7DAA12960,Italy Industrial 5300 Spa Facility 1,Italy,2025-12-24
FAC_03E31C3E39,Italy Industrial 5300 Spa Facility 2,Italy,2025-12-24
FAC_15AEF06382,Italy Industrial 5300 Spa Facility 3,Italy,2025-12-24
FAC_514B985CCE,Italy Industrial 5300 Spa Facility 4,Italy,2025-12-24
FAC_7DF898AEFA,Italy Industrial 5300 Spa Facility 5,Italy,2025-12-24
FAC_BA0EDE21DF,Italy Industrial 5300 Spa Facility 6,Italy,2025-12-24
FAC_741169FA7D,Italy Industrial 5300 Spa Facility 7,Italy,2025-12-24
FAC_51B6D0173C,Italy Industrial 5333 Lda Facility 1,Italy,2025-12-24
FAC_38FF31E2EF,Italy Industrial 5333 Lda Facility 2,Italy,2025-12-24
FAC_BB91BAC301,Italy Industrial 5333 Lda Facility 3,Italy,2025-12-24
FAC_7738967A9A,Italy Industrial 5333 Lda Facility 4,Italy,2025-12-24
FAC_8C07CC126C,Italy Industrial 5333 Lda Facility 5,Italy,2025-12-24
FAC_5E818BECB6,Italy Industrial 5333 Lda Facility 6,Italy,2025-12-24
FAC_9A605CE775,Italy Industrial 5333 Lda Facility 7,Italy,2025-12-24
FAC_E98FAED67C,Italy Industrial 5333 Lda Facility 8,Italy,2025-12-24
FAC_7AA76D7387,Italy Industrial 5333 Lda Facility 9,Italy,2025-12-24
FAC_0A4E3DD5AA,Italy Industrial 5333 Lda Facility 10,Italy,2025-12-24
FAC_3809F0BD8A,Italy Industrial 5333 Lda Facility 11,Italy,2025-12-24
FAC_4431D3CBEA,Italy Industrial 5447 Spa Facility 1,Italy,2025-12-24
FAC_7D8F4233D7,Italy Industrial 5447 Spa Facility 2,Italy,2025-12-24
FAC_F0CDF443A1,Italy Industrial 5447 Spa Facility 3,Italy,2025-12-24
FAC_A1A48A4365,Italy Industrial 5447 Spa Facility 4,Italy,2025-12-24
FAC_30E9A5C0AB,Italy Industrial 5447 Spa Facility 5,Italy,2025-12-24
FAC_79D6FD2C86,Italy Industrial 5447 Spa Facility 6,Italy,2025-12-24
FAC_735F899F93,Italy Industrial 5555 Facility 1,Italy,2025-12-24
FAC_1E148F891F,Italy Industrial 5555 Facility 2,Italy,2025-12-24
FAC_1053582B2E,Italy Industrial 5555 Facility 3,Italy,2025-12-24
FAC_2ABDA3AE73,Italy Industrial 5555 Facility 4,Italy,2025-12-24
FAC_F27F33B09D,Italy Industrial 5555 Facility 5,Italy,2025-12-24
FAC_C3E497398D,Italy Industrial 5598 Spa Facility 1,Italy,2025-12-24
FAC_EFF8FA634C,Italy Industrial 5598 Spa Facility 2,Italy,2025-12-24
FAC_FDC70C7AAB,Italy Industrial 5598 Spa Facility 3,Italy,2025-12-24
FAC_8367446237,Italy Industrial 5598 Spa Facility 4,Italy,2025-12-24
FAC_3D79A093F1,Italy Industrial 5598 Spa Facility 5,Italy,2025-12-24
FAC_433214D204,Italy Industrial 5598 Spa Facility 6,Italy,2025-12-24
FAC_9DAB865D6B,Italy Industrial 5659 Lda Facility 1,Italy,2025-12-24
FAC_4125DCEC34,Italy Industrial 5666 Facility 1,Italy,2025-12-24
FAC_5FEA6F0CFD,Italy Industrial 5666 Facility 2,Italy,2025-12-24
FAC_5088FE4B45,Italy Industrial 5666 Facility 3,Italy,2025-12-24
FAC_926A97EB61,Italy Industrial 5666 Facility 4,Italy,2025-12-24
FAC_D482A07AB1,Italy Industrial 5666 Facility 5,Italy,2025-12-24
FAC_89EA890006,Italy Industrial 5666 Facility 6,Italy,2025-12-24
FAC_713E50C841,Italy Industrial 5666 Facility 7,Italy,2025-12-24
FAC_DB97C11E52,Italy Industrial 5666 Facility 8,Italy,2025-12-24
FAC_7CFDB34296,Italy Industrial 5777 Facility 1,Italy,2025-12-24
FAC_1FFEDA0479,Italy Industrial 5777 Facility 2,Italy,2025-12-24
FAC_CF78ABC17F,Italy Industrial 5777 Facility 3,Italy,2025-12-24
FAC_C3AEC8D7AF,Italy Industrial 5777 Facility 4,Italy,2025-12-24
FAC_2888B29B4E,Italy Industrial 5777 Facility 5,Italy,2025-12-24
FAC_78D7FD508D,Italy Industrial 5777 Facility 6,Italy,2025-12-24
FAC_7A194BD629,Italy Industrial 5777 Facility 7,Italy,2025-12-24
FAC_EAFDE21517,Italy Industrial 5888 Facility 1,Italy,2025-12-24
FAC_DA4E560A33,Italy Industrial 5888 Facility 2,Italy,2025-12-24
FAC_DA53691D6F,Italy Industrial 5888 Facility 3,Italy,2025-12-24
FAC_EE30174783,Italy Industrial 5888 Facility 4,Italy,2025-12-24
FAC_104F96B632,Italy Industrial 5888 Facility 5,Italy,2025-12-24
FAC_A238831C1D,Italy Industrial 5888 Facility 6,Italy,2025-12-24
FAC_39C9937747,Italy Industrial 5888 Facility 7,Italy,2025-12-24
FAC_CF553EAAA2,Italy Industrial 5999 Facility 1,Italy,2025-12-24
FAC_81CF026ADE,Italy Industrial 5999 Facility 2,Italy,2025-12-24
FAC_6B3C7A6251,Italy Industrial 6007 Lda Facility 1,Italy,2025-12-24
FAC_627DEDF83B,Italy Industrial 6007 Lda Facility 2,Italy,2025-12-24
FAC_6237D164AB,Italy Industrial 6007 Lda Facility 3,Italy,2025-12-24
FAC_8D0F288ABE,Italy Industrial 6007 Lda Facility 4,Italy,2025-12-24
FAC_5EBDEC1031,Italy Industrial 6007 Lda Facility 5,Italy,2025-12-24
FAC_844B7E9810,Italy Industrial 6007 Lda Facility 6,Italy,2025-12-24
FAC_57F88EB7C9,Italy Industrial 6007 Lda Facility 7,Italy,2025-12-24
FAC_8B5101A8A3,Italy Industrial 6007 Lda Facility 8,Italy,2025-12-24
FAC_7E27B8DBD0,Italy Industrial 6007 Lda Facility 9,Italy,2025-12-24
FAC_2233ADAB07,Italy Industrial 6007 Lda Facility 10,Italy,2025-12-24
FAC_2053689A45,Italy Industrial 6007 Lda Facility 11,Italy,2025-12-24
FAC_8FB284BC50,Italy Industrial 6011 Facility 1,Italy,2025-12-24
FAC_7F83D81741,Italy Industrial 6011 Facility 2,Italy,2025-12-24
FAC_7C820139CF,Italy Industrial 6011 Facility 3,Italy,2025-12-24
FAC_F831DAA2C5,Italy Industrial 6011 Facility 4,Italy,2025-12-24
FAC_EED8A12ED8,Italy Industrial 6011 Facility 5,Italy,2025-12-24
FAC_C416A386FC,Italy Industrial 6015 Spa Facility 1,Italy,2025-12-24
FAC_7E0F68F71E,Italy Industrial 6015 Spa Facility 2,Italy,2025-12-24
FAC_3107F26931,Italy Industrial 6015 Spa Facility 3,Italy,2025-12-24
FAC_F95EFB0DC4,Italy Industrial 6015 Spa Facility 4,Italy,2025-12-24
FAC_1ACFB46105,Italy Industrial 6015 Spa Facility 5,Italy,2025-12-24
FAC_8AF1CEA1A4,Italy Industrial 6168 Lda Facility 1,Italy,2025-12-24
FAC_1E00D2881A,Italy Industrial 6168 Lda Facility 2,Italy,2025-12-24
FAC_1848695C32,Italy Industrial 6168 Lda Facility 3,Italy,2025-12-24
FAC_2C45DE5862,Italy Industrial 6168 Lda Facility 4,Italy,2025-12-24
FAC_0F43E0E73C,Italy Industrial 6168 Lda Facility 5,Italy,2025-12-24
FAC_EE8CD5923E,Italy Industrial 6223 Facility 1,Italy,2025-12-24
FAC_79C347078E,Italy Industrial 6224 Lda Facility 1,Italy,2025-12-24
FAC_98226D3FF8,Italy Industrial 6224 Lda Facility 2,Italy,2025-12-24
FAC_848B6816D2,Italy Industrial 6224 Lda Facility 3,Italy,2025-12-24
FAC_0791FE6BF2,Italy Industrial 6334 Spa Facility 1,Italy,2025-12-24
FAC_9CCB00DFB2,Italy Industrial 6334 Spa Facility 2,Italy,2025-12-24
FAC_C66C5B0E48,Italy Industrial 6334 Spa Facility 3,Italy,2025-12-24
FAC_EA7D2E54A0,Italy Industrial 6334 Spa Facility 4,Italy,2025-12-24
FAC_D7A975BB2C,Italy Industrial 6334 Spa Facility 5,Italy,2025-12-24
FAC_2D828EC310,Italy Industrial 6334 Spa Facility 6,Italy,2025-12-24
FAC_22D8BBE378,Italy Industrial 6334 Spa Facility 7,Italy,2025-12-24
FAC_DEB4D04952,Italy Industrial 6334 Spa Facility 8,Italy,2025-12-24
FAC_772E1865D0,Italy Industrial 6334 Spa Facility 9,Italy,2025-12-24
FAC_31ACC93C5E,Italy Industrial 6334 Spa Facility 10,Italy,2025-12-24
FAC_D213AE47F2,Italy Industrial 6445 Facility 1,Italy,2025-12-24
FAC_9436143E63,Italy Industrial 6445 Facility 2,Italy,2025-12-24
FAC_CD9EE28533,Italy Industrial 6445 Facility 3,Italy,2025-12-24
FAC_642ED4D81D,Italy Industrial 6697 Spa Facility 1,Italy,2025-12-24
FAC_48B04DB44D,Italy Industrial 6789 Facility 1,Italy,2025-12-24
FAC_D94DBE0046,Italy Industrial 6789 Facility 2,Italy,2025-12-24
FAC_688AB5FA80,Italy Industrial 6789 Facility 3,Italy,2025-12-24
FAC_54821E816C,Italy Industrial 6789 Facility 4,Italy,2025-12-24
FAC_4E152FE608,Italy Industrial 6789 Facility 5,Italy,2025-12-24
FAC_29285D7BD3,Italy Industrial 6789 Facility 6,Italy,2025-12-24
FAC_B057FE835F,Italy Industrial 6789 Facility 7,Italy,2025-12-24
FAC_459B330AC7,Italy Industrial 6789 Facility 8,Italy,2025-12-24
FAC_D9EE455927,Italy Industrial 6789 Facility 9,Italy,2025-12-24
FAC_BFD5E3ACB8,Italy Industrial 6789 Facility 10,Italy,2025-12-24
FAC_2C9BAA9395,Italy Industrial 6789 Facility 11,Italy,2025-12-24
FAC_E8F063EEF0,Italy Industrial 6789 Facility 12,Italy,2025-12-24
FAC_89BCF1A9C1,France Industrial 6857 Facility 1,France,2025-12-24
FAC_EEC20BA53C,France Industrial 6857 Facility 2,France,2025-12-24
FAC_1817395B37,France Industrial 6857 Facility 3,France,2025-12-24
FAC_8C938DB51D,France Industrial 6857 Facility 4,France,2025-12-24
FAC_A21223A8CF,France Industrial 6857 Facility 5,France,2025-12-24
FAC_3A651100BA,France Industrial 6859 Lda Facility 1,France,2025-12-24
FAC_F71B78AF9B,France Industrial 6860 Spa Facility 1,France,2025-12-24
FAC_21E8D3E893,France Industrial 6860 Spa Facility 2,France,2025-12-24
FAC_226D7D6CFF,France Industrial 6860 Spa Facility 3,France,2025-12-24
FAC_DBE85E3B19,France Industrial 6860 Spa Facility 4,France,2025-12-24
FAC_C5E845182A,France Industrial 6860 Spa Facility 5,France,2025-12-24
FAC_FC93FDA501,France Industrial 6860 Spa Facility 6,France,2025-12-24
FAC_1DDE037B74,France Industrial 6860 Spa Facility 7,France,2025-12-24
FAC_E1432AD9D3,France Industrial 6860 Spa Facility 8,France,2025-12-24
FAC_ECBB64C70C,France Industrial 6860 Spa Facility 9,France,2025-12-24
FAC_881A2AF71C,France Industrial 6900 Facility 1,France,2025-12-24
FAC_68B48F7754,France Industrial 6900 Facility 2,France,2025-12-24
FAC_57AD915895,France Industrial 6900 Facility 3,France,2025-12-24
FAC_1414CBCDA0,France Industrial 6900 Facility 4,France,2025-12-24
FAC_B17B2356A1,France Industrial 6900 Facility 5,France,2025-12-24
FAC_3DEC23C0DD,France Industrial 6900 Facility 6,France,2025-12-24
FAC_E4375C71CE,France Industrial 6900 Facility 7,France,2025-12-24
FAC_656396B4FD,France Industrial 6900 Facility 8,France,2025-12-24
FAC_27DEBD54B3,France Industrial 6900 Facility 9,France,2025-12-24
FAC_1C60B377E8,France Industrial 6900 Facility 10,France,2025-12-24
FAC_6F6AE3407B,France Industrial 6913 Spa Facility 1,France,2025-12-24
FAC_E6BF631277,France Industrial 6913 Spa Facility 2,France,2025-12-24
FAC_99A171122A,France Industrial 6913 Spa Facility 3,France,2025-12-24
FAC_18104BB659,France Industrial 6913 Spa Facility 4,France,2025-12-24
FAC_3A50176ECC,France Industrial 6913 Spa Facility 5,France,2025-12-24
FAC_430FDDCDFF,France Industrial 6913 Spa Facility 6,France,2025-12-24
FAC_550E5FF98B,France Industrial 6913 Spa Facility 7,France,2025-12-24
FAC_6FC6715882,France Industrial 6913 Spa Facility 8,France,2025-12-24
FAC_AA7FC662BC,France Industrial 6913 Spa Facility 9,France,2025-12-24
FAC_92012CC603,France Industrial 7000 Spa Facility 1,France,2025-12-24
FAC_39F69DC57A,France Industrial 7000 Spa Facility 2,France,2025-12-24
FAC_6AE1810BD3,France Industrial 7000 Spa Facility 3,France,2025-12-24
FAC_F186CD2712,France Industrial 7000 Spa Facility 4,France,2025-12-24
FAC_B8EDC9B3EB,France Industrial 7000 Spa Facility 5,France,2025-12-24
FAC_2B9A534333,France Industrial 7000 Spa Facility 6,France,2025-12-24
FAC_CD008FA187,France Industrial 7000 Spa Facility 7,France,2025-12-24
FAC_53585D3377,France Industrial 7000 Spa Facility 8,France,2025-12-24
FAC_767E38E7F2,France Industrial 7006 Lda Facility 1,France,2025-12-24
FAC_8B787078F4,France Industrial 7006 Lda Facility 2,France,2025-12-24
FAC_42C7BFC9F1,France Industrial 7006 Lda Facility 3,France,2025-12-24
FAC_B2B7A62FCB,France Industrial 7006 Lda Facility 4,France,2025-12-24
FAC_D71DDFA2D2,France Industrial 7013 Facility 1,France,2025-12-24
FAC_482AD69E2E,France Industrial 7115 Lda Facility 1,France,2025-12-24
FAC_DA728BD79C,France Industrial 7115 Lda Facility 2,France,2025-12-24
FAC_9BA8FC0D22,France Industrial 7115 Lda Facility 3,France,2025-12-24
FAC_87151B18D7,France Industrial 7115 Lda Facility 4,France,2025-12-24
FAC_6779945D48,France Industrial 7115 Lda Facility 5,France,2025-12-24
FAC_A7C2A26871,France Industrial 7115 Lda Facility 6,France,2025-12-24
FAC_EE8C5AC8C4,France Industrial 7115 Lda Facility 7,France,2025-12-24
FAC_1F06A18D1F,France Industrial 7115 Lda Facility 8,France,2025-12-24
FAC_D541C98CE5,France Industrial 7115 Lda Facility 9,France,2025-12-24
FAC_F278FFD822,France Industrial 7115 Lda Facility 10,France,2025-12-24
FAC_043FE532FD,France Industrial 7118 Spa Facility 1,France,2025-12-24
FAC_FEA3221A00,France Industrial 7118 Spa Facility 2,France,2025-12-24
FAC_3CA1472E33,France Industrial 7118 Spa Facility 3,France,2025-12-24
FAC_0AC65D6CDE,France Industrial 7118 Spa Facility 4,France,2025-12-24
FAC_239092100A,France Industrial 7118 Spa Facility 5,France,2025-12-24
FAC_F8C35BC470,France Industrial 7118 Spa Facility 6,France,2025-12-24
FAC_BF56F74C70,France Industrial 7118 Spa Facility 7,France,2025-12-24
FAC_89308BBE8E,France Industrial 7118 Spa Facility 8,France,2025-12-24
FAC_6994F7BE79,France Industrial 7118 Spa Facility 9,France,2025-12-24
FAC_6EFD2D9463,France Industrial 7118 Spa Facility 10,France,2025-12-24
FAC_3CD2553EB4,France Industrial 7118 Spa Facility 11,France,2025-12-24
FAC_A5E5D80E44,France Industrial 7118 Spa Facility 12,France,2025-12-24
FAC_47CC894528,France Industrial 7222 Facility 1,France,2025-12-24
FAC_78DD05748F,France Industrial 7222 Facility 2,France,2025-12-24
FAC_6B5FC5F50E,France Industrial 7229 Spa Facility 1,France,2025-12-24
FAC_17C1986E9D,France Industrial 7229 Spa Facility 2,France,2025-12-24
FAC_3EC832DAC2,France Industrial 7229 Spa Facility 3,France,2025-12-24
FAC_A11E9DFA43,France Industrial 7229 Spa Facility 4,France,2025-12-24
FAC_7AD09EAF6E,France Industrial 7232 Lda Facility 1,France,2025-12-24
FAC_32E47D536F,France Industrial 7232 Lda Facility 2,France,2025-12-24
FAC_FC8F573E88,France Industrial 7232 Lda Facility 3,France,2025-12-24
FAC_2879B7E149,France Industrial 7232 Lda Facility 4,France,2025-12-24
FAC_A6B0F60630,France Industrial 7337 Spa Facility 1,France,2025-12-24
FAC_0CA6F10D8B,France Industrial 7337 Spa Facility 2,France,2025-12-24
FAC_C3BF24AA36,France Industrial 7337 Spa Facility 3,France,2025-12-24
FAC_5ABF557EB3,France Industrial 7337 Spa Facility 4,France,2025-12-24
FAC_EA7E7C2C15,France Industrial 7444 Facility 1,France,2025-12-24
FAC_E2D12D0D9E,France Industrial 7444 Facility 2,France,2025-12-24
FAC_601AF92C06,France Industrial 7444 Facility 3,France,2025-12-24
FAC_217C574F80,France Industrial 7444 Facility 4,France,2025-12-24
FAC_DCABF15B98,France Industrial 7444 Facility 5,France,2025-12-24
FAC_0F11DAD472,France Industrial 7444 Facility 6,France,2025-12-24
FAC_EE2D8679BA,France Industrial 7444 Facility 7,France,2025-12-24
FAC_39A8F1A92C,France Industrial 7444 Facility 8,France,2025-12-24
FAC_F605DF7EE4,France Industrial 7444 Facility 9,France,2025-12-24
FAC_CB4B66CB9E,France Industrial 7448 Lda Facility 1,France,2025-12-24
FAC_7104F7ECD0,France Industrial 7448 Lda Facility 2,France,2025-12-24
FAC_F9C77787FC,France Industrial 7448 Lda Facility 3,France,2025-12-24
FAC_6CE7A39091,France Industrial 7448 Lda Facility 4,France,2025-12-24
FAC_ACC8E8E86E,France Industrial 7448 Lda Facility 5,France,2025-12-24
FAC_447EA210B9,France Industrial 7448 Lda Facility 6,France,2025-12-24
FAC_7AA1B6AAF4,France Industrial 7448 Lda Facility 7,France,2025-12-24
FAC_C772B8DA05,France Industrial 7448 Lda Facility 8,France,2025-12-24
FAC_2B5737933C,France Industrial 7465 Spa Facility 1,France,2025-12-24
FAC_9E1C0BCECF,France Industrial 7465 Spa Facility 2,France,2025-12-24
FAC_EAEEE05AF8,France Industrial 7465 Spa Facility 3,France,2025-12-24
FAC_43BAC5F266,France Industrial 7465 Spa Facility 4,France,2025-12-24
FAC_03B202CDD8,France Industrial 7555 Facility 1,France,2025-12-24
FAC_836E33FD76,France Industrial 7555 Facility 2,France,2025-12-24
FAC_01773EEC51,France Industrial 7555 Facility 3,France,2025-12-24
FAC_FBF235CC37,France Industrial 7555 Facility 4,France,2025-12-24
FAC_0F9E6ADAFC,France Industrial 7555 Facility 5,France,2025-12-24
FAC_F1BE64B633,France Industrial 7555 Facility 6,France,2025-12-24
FAC_0FBC72D6A1,France Industrial 7555 Facility 7,France,2025-12-24
FAC_C81F9A6A6E,France Industrial 7555 Facility 8,France,2025-12-24
FAC_AE88B69A6C,France Industrial 7555 Facility 9,France,2025-12-24
FAC_76F1074FDC,France Industrial 7666 Facility 1,France,2025-12-24
FAC_0E29EE7F98,France Industrial 7666 Facility 2,France,2025-12-24
FAC_305B8A78CD,France Industrial 7666 Facility 3,France,2025-12-24
FAC_13BC0B21BE,France Industrial 7666 Facility 4,France,2025-12-24
FAC_8631283D2F,France Industrial 7666 Facility 5,France,2025-12-24
FAC_1DCE985288,France Industrial 7777 Facility 1,France,2025-12-24
FAC_B51ED95019,France Industrial 7777 Facility 2,France,2025-12-24
FAC_9584D4BA72,France Industrial 7777 Facility 3,France,2025-12-24
FAC_EF1CB00318,France Industrial 7777 Facility 4,France,2025-12-24
FAC_DD93856DF7,France Industrial 7777 Facility 5,France,2025-12-24
FAC_81C7E034B6,France Industrial 7777 Facility 6,France,2025-12-24
FAC_D1B6901E66,France Industrial 7777 Facility 7,France,2025-12-24
FAC_AABC8356B5,France Industrial 7777 Facility 8,France,2025-12-24
FAC_A64F6D7B32,France Industrial 7777 Facility 9,France,2025-12-24
FAC_6EF32BBE03,France Industrial 7777 Facility 10,France,2025-12-24
FAC_DC0C2FC005,France Industrial 7777 Facility 11,France,2025-12-24
FAC_C2A520477E,France Industrial 7777 Facility 12,France,2025-12-24
FAC_02BB6B5C6F,France Industrial 7799 Lda Facility 1,France,2025-12-24
FAC_9A5F15373B,France Industrial 7799 Lda Facility 2,France,2025-12-24
FAC_861DEC6C91,France Industrial 7799 Lda Facility 3,France,2025-12-24
FAC_0A831ED165,France Industrial 7799 Lda Facility 4,France,2025-12-24
FAC_3CEC827724,France Industrial 7799 Lda Facility 5,France,2025-12-24
FAC_4B25F454F8,France Industrial 7799 Lda Facility 6,France,2025-12-24
FAC_3629DEB739,France Industrial 7799 Lda Facility 7,France,2025-12-24
FAC_E380329E24,France Industrial 7888 Facility 1,France,2025-12-24
FAC_6E98ED0EAB,France Industrial 7888 Facility 2,France,2025-12-24
FAC_D700596D45,France Industrial 7888 Facility 3,France,2025-12-24
FAC_520BC8192A,France Industrial 7888 Facility 4,France,2025-12-24
FAC_8A976BCB33,France Industrial 7888 Facility 5,France,2025-12-24
FAC_5960855FE6,France Industrial 7888 Facility 6,France,2025-12-24
FAC_6A9612E614,France Industrial 7888 Facility 7,France,2025-12-24
FAC_499DA60C53,France Industrial 7888 Facility 8,France,2025-12-24
FAC_4451158162,France Industrial 7999 Facility 1,France,2025-12-24
FAC_843484E563,France Industrial 7999 Facility 2,France,2025-12-24
FAC_0AEAB27222,France Industrial 7999 Facility 3,France,2025-12-24
FAC_941F6634BC,France Industrial 7999 Facility 4,France,2025-12-24
FAC_427FB7FDC0,France Industrial 7999 Facility 5,France,2025-12-24
FAC_0FBAF05EBE,France Industrial 8024 Facility 1,France,2025-12-24
FAC_8089AFFB36,France Industrial 8024 Facility 2,France,2025-12-24
FAC_087FF60FEB,France Industrial 8024 Facility 3,France,2025-12-24
FAC_6F9F82E7E4,France Industrial 8024 Facility 4,France,2025-12-24
FAC_BDBC52B80A,France Industrial 8024 Facility 5,France,2025-12-24
FAC_7BCE7EEBC7,France Industrial 8027 Lda Facility 1,France,2025-12-24
FAC_A91D4C7D9B,France Industrial 8111 Facility 1,France,2025-12-24
FAC_A094BFD2DC,France Industrial 8111 Facility 2,France,2025-12-24
FAC_91E2CDFF61,France Industrial 8111 Facility 3,France,2025-12-24
FAC_8DCC79C1EC,France Industrial 8111 Facility 4,France,2025-12-24
FAC_1418A815F4,France Industrial 8111 Facility 5,France,2025-12-24
FAC_C335C3A561,France Industrial 8111 Facility 6,France,2025-12-24
FAC_B776D98303,France Industrial 8127 Spa Facility 1,France,2025-12-24
FAC_364BE63C8A,France Industrial 8127 Spa Facility 2,France,2025-12-24
FAC_3B5DAD4484,France Industrial 8127 Spa Facility 3,France,2025-12-24
FAC_A98D80F808,France Industrial 8127 Spa Facility 4,France,2025-12-24
FAC_DF9DE30959,France Industrial 8127 Spa Facility 5,France,2025-12-24
FAC_90C6777107,France Industrial 8127 Spa Facility 6,France,2025-12-24
FAC_E24F3824BE,France Industrial 8127 Spa Facility 7,France,2025-12-24
FAC_DFD508D890,France Industrial 8127 Spa Facility 8,France,2025-12-24
FAC_F4D9953325,France Industrial 8127 Spa Facility 9,France,2025-12-24
FAC_8FA6B847A9,France Industrial 8127 Spa Facility 10,France,2025-12-24
FAC_EDE44F8334,France Industrial 8127 Spa Facility 11,France,2025-12-24
FAC_F7AC7DE3B3,France Industrial 8146 Lda Facility 1,France,2025-12-24
FAC_335F9C292F,France Industrial 8146 Lda Facility 2,France,2025-12-24
FAC_F7AD3A1BE9,France Industrial 8146 Lda Facility 3,France,2025-12-24
FAC_3F36DBB499,France Industrial 8146 Lda Facility 4,France,2025-12-24
FAC_0455C35B84,France Industrial 8333 Facility 1,France,2025-12-24
FAC_68108B669A,France Industrial 8398 Spa Facility 1,France,2025-12-24
FAC_BE43281C30,France Industrial 8398 Spa Facility 2,France,2025-12-24
FAC_7E6C5A8896,France Industrial 8398 Spa Facility 3,France,2025-12-24
FAC_1172139B66,France Industrial 8398 Spa Facility 4,France,2025-12-24
FAC_1087CA4940,France Industrial 8398 Spa Facility 5,France,2025-12-24
FAC_004465C91A,France Industrial 8398 Spa Facility 6,France,2025-12-24
FAC_79FDDBEC90,France Industrial 8398 Spa Facility 7,France,2025-12-24
FAC_3964B3379E,France Industrial 8398 Spa Facility 8,France,2025-12-24
FAC_B935A22FC9,France Industrial 8554 Spa Facility 1,France,2025-12-24
FAC_297864AC4F,France Industrial 8554 Spa Facility 2,France,2025-12-24
FAC_387713780C,France Industrial 8554 Spa Facility 3,France,2025-12-24
FAC_4174CF04D7,France Industrial 8554 Spa Facility 4,France,2025-12-24
FAC_30AF324246,Greece Industrial 8571 Facility 1,Greece,2025-12-24
FAC_E72E8B3DB1,Greece Industrial 8571 Facility 2,Greece,2025-12-24
FAC_13222248D0,Greece Industrial 8571 Facility 3,Greece,2025-12-24
FAC_5FAE5E72BB,Greece Industrial 8571 Facility 4,Greece,2025-12-24
FAC_D21FF8A520,Greece Industrial 8571 Facility 5,Greece,2025-12-24
FAC_4B0ADA1712,Greece Industrial 8571 Facility 6,Greece,2025-12-24
FAC_25337E20B6,Greece Industrial 8573 Lda Facility 1,Greece,2025-12-24
FAC_17F4550786,Greece Industrial 8573 Lda Facility 2,Greece,2025-12-24
FAC_0BC7576EE7,Greece Industrial 8573 Lda Facility 3,Greece,2025-12-24
FAC_7EEA97B05C,Greece Industrial 8573 Lda Facility 4,Greece,2025-12-24
FAC_8655EF1C59,Greece Industrial 8581 Spa Facility 1,Greece,2025-12-24
FAC_CAE7FF16EC,Greece Industrial 8600 Facility 1,Greece,2025-12-24
FAC_BA6F55D692,Greece Industrial 8600 Facility 2,Greece,2025-12-24
FAC_D089F4D301,Greece Industrial 8600 Facility 3,Greece,2025-12-24
FAC_FCB41E6B90,Greece Industrial 8600 Facility 4,Greece,2025-12-24
FAC_84B8D0F568,Greece Industrial 8600 Facility 5,Greece,2025-12-24
FAC_4636020D57,Greece Industrial 8600 Facility 6,Greece,2025-12-24
FAC_C05B80EF4A,Greece Industrial 8600 Facility 7,Greece,2025-12-24
FAC_2E50D4BA92,Greece Industrial 8600 Facility 8,Greece,2025-12-24
FAC_A87A0F586E,Greece Industrial 8604 Spa Facility 1,Greece,2025-12-24
FAC_D1A9BA6B4D,Greece Industrial 8604 Spa Facility 2,Greece,2025-12-24
FAC_9746E4B7CB,Greece Industrial 8604 Spa Facility 3,Greece,2025-12-24
FAC_35746AAB27,Greece Industrial 8604 Spa Facility 4,Greece,2025-12-24
FAC_5EA9B79BFC,Greece Industrial 8604 Spa Facility 5,Greece,2025-12-24
FAC_D05A9EB9F5,Greece Industrial 8604 Spa Facility 6,Greece,2025-12-24
FAC_04BD99C775,Greece Industrial 8604 Spa Facility 7,Greece,2025-12-24
FAC_33FCF364DA,Greece Industrial 8604 Spa Facility 8,Greece,2025-12-24
FAC_7589A1B594,Greece Industrial 8604 Spa Facility 9,Greece,2025-12-24
FAC_28B155BA06,Greece Industrial 8609 Lda Facility 1,Greece,2025-12-24
FAC_E6D8A1D1D3,Greece Industrial 8609 Lda Facility 2,Greece,2025-12-24
FAC_93DDE5B03E,Greece Industrial 8609 Lda Facility 3,Greece,2025-12-24
FAC_EB05C5FD83,Greece Industrial 8609 Lda Facility 4,Greece,2025-12-24
FAC_896D40FB27,Greece Industrial 8609 Lda Facility 5,Greece,2025-12-24
FAC_01B2BA4BED,Greece Industrial 8609 Lda Facility 6,Greece,2025-12-24
FAC_A9B69814E6,Greece Industrial 8609 Lda Facility 7,Greece,2025-12-24
FAC_D7C4DD2AB1,Greece Industrial 8609 Lda Facility 8,Greece,2025-12-24
FAC_5C184029CD,Greece Industrial 8609 Lda Facility 9,Greece,2025-12-24
FAC_70E965F29D,Greece Industrial 8609 Lda Facility 10,Greece,2025-12-24
FAC_6CF55C676A,Greece Industrial 8609 Lda Facility 11,Greece,2025-12-24
FAC_75992D100C,Greece Industrial 8609 Lda Facility 12,Greece,2025-12-24
FAC_629D1921E2,Greece Industrial 8727 Spa Facility 1,Greece,2025-12-24
FAC_BB0EBC1BE6,Greece Industrial 8727 Spa Facility 2,Greece,2025-12-24
FAC_D54FD70F4B,Greece Industrial 8727 Spa Facility 3,Greece,2025-12-24
FAC_BC2F81173F,Greece Industrial 8727 Spa Facility 4,Greece,2025-12-24
FAC_17189A1B8D,Greece Industrial 8727 Spa Facility 5,Greece,2025-12-24
FAC_6F8265677C,Greece Industrial 8727 Spa Facility 6,Greece,2025-12-24
FAC_36C4D0C3F9,Greece Industrial 8727 Spa Facility 7,Greece,2025-12-24
FAC_21996FD955,Greece Industrial 8727 Spa Facility 8,Greece,2025-12-24
FAC_AE5DABE0EF,Greece Industrial 8727 Spa Facility 9,Greece,2025-12-24
FAC_85D5ADA895,Greece Industrial 8823 Facility 1,Greece,2025-12-24
FAC_43EC1BD058,Greece Industrial 8824 Lda Facility 1,Greece,2025-12-24
FAC_7ACD2BAE28,Greece Industrial 8824 Lda Facility 2,Greece,2025-12-24
FAC_EA35CB01C2,Greece Industrial 8824 Lda Facility 3,Greece,2025-12-24
FAC_625DE384FB,Greece Industrial 8824 Lda Facility 4,Greece,2025-12-24
FAC_33A6CBACF2,Greece Industrial 8824 Lda Facility 5,Greece,2025-12-24
FAC_10EBA67C73,Greece Industrial 8824 Lda Facility 6,Greece,2025-12-24
FAC_144D0702A5,Greece Industrial 8824 Lda Facility 7,Greece,2025-12-24
FAC_399AE337D1,Greece Industrial 8824 Lda Facility 8,Greece,2025-12-24
FAC_B683C53F4B,Greece Industrial 8824 Lda Facility 9,Greece,2025-12-24
FAC_88B1E3435F,Greece Industrial 8824 Lda Facility 10,Greece,2025-12-24
FAC_08465348E0,Greece Industrial 8824 Lda Facility 11,Greece,2025-12-24
FAC_5F188E9BAD,Greece Industrial 8824 Lda Facility 12,Greece,2025-12-24
FAC_57FA2C4C14,Greece Industrial 8944 Facility 1,Greece,2025-12-24
FAC_2D0B792E3F,Greece Industrial 8944 Facility 2,Greece,2025-12-24
FAC_A660BE207D,Greece Industrial 8944 Facility 3,Greece,2025-12-24
FAC_A702661327,Greece Industrial 8944 Facility 4,Greece,2025-12-24
FAC_2C2686D808,Greece Industrial 8944 Facility 5,Greece,2025-12-24
FAC_900338B040,Greece Industrial 9005 Lda Facility 1,Greece,2025-12-24
FAC_75F3448294,Greece Industrial 9005 Lda Facility 2,Greece,2025-12-24
FAC_5EDC4B67E4,Greece Industrial 9005 Lda Facility 3,Greece,2025-12-24
FAC_F42F1C09B7,Greece Industrial 9005 Lda Facility 4,Greece,2025-12-24
FAC_8EEEB2A613,Greece Industrial 9005 Lda Facility 5,Greece,2025-12-24
FAC_FDCC98E29F,Greece Industrial 9005 Lda Facility 6,Greece,2025-12-24
FAC_DC47488BEB,Greece Industrial 9005 Lda Facility 7,Greece,2025-12-24
FAC_12ED3CDFDF,Greece Industrial 9005 Lda Facility 8,Greece,2025-12-24
FAC_21137B5399,Greece Industrial 9005 Lda Facility 9,Greece,2025-12-24
FAC_9F0D96E4F2,Greece Industrial 9005 Lda Facility 10,Greece,2025-12-24
FAC_FBCCF3CC2B,Greece Industrial 9005 Lda Facility 11,Greece,2025-12-24
FAC_A2A08CC05B,Greece Industrial 9009 Spa Facility 1,Greece,2025-12-24
FAC_D81401124B,Greece Industrial 9009 Spa Facility 2,Greece,2025-12-24
FAC_AFF8AFCA6C,Greece Industrial 9009 Spa Facility 3,Greece,2025-12-24
FAC_ABCC8FFE03,Greece Industrial 9009 Spa Facility 4,Greece,2025-12-24
FAC_503D8F68B0,Greece Industrial 9011 Facility 1,Greece,2025-12-24
FAC_CFFD123719,Greece Industrial 9011 Facility 2,Greece,2025-12-24
FAC_05D6C340BB,Greece Industrial 9011 Facility 3,Greece,2025-12-24
FAC_5136F47B2B,Greece Industrial 9011 Facility 4,Greece,2025-12-24
FAC_6DFE9175B7,Greece Industrial 9011 Facility 5,Greece,2025-12-24
FAC_408796A469,Greece Industrial 9011 Facility 6,Greece,2025-12-24
FAC_7B2F832045,Greece Industrial 9011 Facility 7,Greece,2025-12-24
FAC_B40A391E3C,Greece Industrial 9011 Facility 8,Greece,2025-12-24
FAC_C0F55CD573,Greece Industrial 9011 Facility 9,Greece,2025-12-24
FAC_96F3768AB5,Greece Industrial 9011 Facility 10,Greece,2025-12-24
FAC_4D2D253C6F,Greece Industrial 9116 Spa Facility 1,Greece,2025-12-24
FAC_5686C11824,Greece Industrial 9116 Spa Facility 2,Greece,2025-12-24
FAC_9CD1F7810A,Greece Industrial 9116 Spa Facility 3,Greece,2025-12-24
FAC_7644A3BD70,Greece Industrial 9126 Lda Facility 1,Greece,2025-12-24
FAC_7185045BC4,Greece Industrial 9126 Lda Facility 2,Greece,2025-12-24
FAC_08E29B3ED1,Greece Industrial 9126 Lda Facility 3,Greece,2025-12-24
FAC_12DAF65F2D,Greece Industrial 9126 Lda Facility 4,Greece,2025-12-24
FAC_4424E4EF72,Greece Industrial 9126 Lda Facility 5,Greece,2025-12-24
FAC_708A881909,Greece Industrial 9126 Lda Facility 6,Greece,2025-12-24
FAC_1223E534E3,Greece Industrial 9222 Spa Facility 1,Greece,2025-12-24
FAC_E9BF25AF91,Greece Industrial 9222 Spa Facility 2,Greece,2025-12-24
FAC_67EC6FA024,Greece Industrial 9222 Spa Facility 3,Greece,2025-12-24
FAC_F836B1A61D,Greece Industrial 9222 Spa Facility 4,Greece,2025-12-24
FAC_B7AF59E96D,Greece Industrial 9222 Spa Facility 5,Greece,2025-12-24
FAC_297F8BB648,Greece Industrial 9222 Spa Facility 6,Greece,2025-12-24
FAC_E740D8D004,Greece Industrial 9222 Spa Facility 7,Greece,2025-12-24
FAC_36A68C417F,Greece Industrial 9222 Spa Facility 8,Greece,2025-12-24
FAC_3231497618,Greece Industrial 9222 Spa Facility 9,Greece,2025-12-24
FAC_3D754F57CF,Greece Industrial 9222 Spa Facility 10,Greece,2025-12-24
FAC_5D9543ECF3,Greece Industrial 9222 Spa Facility 11,Greece,2025-12-24
FAC_F32031A9B7,Greece Industrial 9222 Spa Facility 12,Greece,2025-12-24
FAC_D7122E39C8,Greece Industrial 9225 Facility 1,Greece,2025-12-24
FAC_2DBD1C1B90,Greece Industrial 9333 Spa Facility 1,Greece,2025-12-24
FAC_AA869BE82F,Greece Industrial 9334 Lda Facility 1,Greece,2025-12-24
FAC_6AC3CCE10D,Greece Industrial 9334 Lda Facility 2,Greece,2025-12-24
FAC_539463D37D,Greece Industrial 9334 Lda Facility 3,Greece,2025-12-24
FAC_F89EF21E73,Greece Industrial 9334 Lda Facility 4,Greece,2025-12-24
FAC_B0496DE779,Greece Industrial 9334 Lda Facility 5,Greece,2025-12-24
FAC_EC1B7E3DDF,Greece Industrial 9334 Lda Facility 6,Greece,2025-12-24
FAC_2824114831,Greece Industrial 9334 Lda Facility 7,Greece,2025-12-24
FAC_08FC13CCD4,Greece Industrial 9334 Lda Facility 8,Greece,2025-12-24
FAC_2CED7997BF,Greece Industrial 9334 Lda Facility 9,Greece,2025-12-24
FAC_FEE241C38E,Greece Industrial 9334 Lda Facility 10,Greece,2025-12-24
FAC_977AA6839D,Greece Industrial 9336 Facility 1,Greece,2025-12-24
FAC_00001AF6D9,Greece Industrial 9336 Facility 2,Greece,2025-12-24
FAC_F1ECDD632D,Greece Industrial 9336 Facility 3,Greece,2025-12-24
FAC_0754060C5F,Greece Industrial 9336 Facility 4,Greece,2025-12-24
FAC_BAEEBE9D24,Greece Industrial 9544 Spa Facility 1,Greece,2025-12-24
FAC_E02E308A0C,Greece Industrial 9544 Spa Facility 2,Greece,2025-12-24
FAC_C81FBE55BA,Greece Industrial 9777 Facility 1,Greece,2025-12-24
FAC_0695534901,Greece Industrial 9777 Facility 2,Greece,2025-12-24
FAC_BA92062F0F,Greece Industrial 9777 Facility 3,Greece,2025-12-24
FAC_56662F0A14,Greece Industrial 9777 Facility 4,Greece,2025-12-24
FAC_85E0A94A75,Greece Industrial 9777 Facility 5,Greece,2025-12-24
FAC_719C9AE343,Greece Industrial 9999 Lda Facility 1,Greece,2025-12-24
FAC_0FDBE6C0D5,Greece Industrial 9999 Lda Facility 2,Greece,2025-12-24
FAC_25984520F4,Greece Industrial 9999 Lda Facility 3,Greece,2025-12-24
FAC_AE8FF45E9C,Greece Industrial 9999 Lda Facility 4,Greece,2025-12-24
FAC_7AD00D7A3A,Greece Industrial 9999 Lda Facility 5,Greece,2025-12-24
FAC_59F7E7D00B,Greece Industrial 9999 Lda Facility 6,Greece,2025-12-24
FAC_7C2EFD97BE,Greece Industrial 9999 Lda Facility 7,Greece,2025-12-24
FAC_4F92E768E4,Greece Industrial 9999 Lda Facility 8,Greece,2025-12-24
FAC_289D4DAA44,Greece Industrial 9999 Lda Facility 9,Greece,2025-12-24
FAC_E580B00948,Greece Industrial 9999 Lda Facility 10,Greece,2025-12-24
FAC_47C8EF7AAD,Greece Industrial 10000 Facility 1,Greece,2025-12-24
FAC_D8D7FC9707,Greece Industrial 10111 Lda Facility 1,Greece,2025-12-24
FAC_3E49FE33C8,Greece Industrial 10111 Lda Facility 2,Greece,2025-12-24
FAC_83D267349B,Greece Industrial 10111 Lda Facility 3,Greece,2025-12-24
FAC_9C90A16FC5,Greece Industrial 10111 Lda Facility 4,Greece,2025-12-24
FAC_3F582ACE99,Greece Industrial 10123 Facility 1,Greece,2025-12-24
FAC_ED7876EBC6,Greece Industrial 10123 Facility 2,Greece,2025-12-24
FAC_C21FD384DB,Greece Industrial 10123 Facility 3,Greece,2025-12-24
FAC_34B92881D3,Malta Industrial 10285 Facility 1,Malta,2025-12-24
FAC_9A389B3CDD,Malta Industrial 10285 Facility 2,Malta,2025-12-24
FAC_A1D2EF1319,Malta Industrial 10285 Facility 3,Malta,2025-12-24
FAC_BA73BC7B1E,Malta Industrial 10285 Facility 4,Malta,2025-12-24
FAC_1516C9EA57,Malta Industrial 10285 Facility 5,Malta,2025-12-24
FAC_93188A13D4,Malta Industrial 10285 Facility 6,Malta,2025-12-24
FAC_AB34229B16,Malta Industrial 10285 Facility 7,Malta,2025-12-24
FAC_877ACCB4A3,Malta Industrial 10290 Lda Facility 1,Malta,2025-12-24
FAC_F3ABA55229,Malta Industrial 10290 Lda Facility 2,Malta,2025-12-24
FAC_A22EE4993C,Malta Industrial 10290 Lda Facility 3,Malta,2025-12-24
FAC_7A37199684,Malta Industrial 10291 Spa Facility 1,Malta,2025-12-24
FAC_7FC5C05247,Malta Industrial 10291 Spa Facility 2,Malta,2025-12-24
FAC_53FDD50DF1,Malta Industrial 10291 Spa Facility 3,Malta,2025-12-24
FAC_0D01C32BA5,Malta Industrial 10291 Spa Facility 4,Malta,2025-12-24
FAC_503F56A8FF,Malta Industrial 10291 Spa Facility 5,Malta,2025-12-24
FAC_B67B1D61B7,Malta Industrial 10291 Spa Facility 6,Malta,2025-12-24
FAC_F87012648A,Malta Industrial 10291 Spa Facility 7,Malta,2025-12-24
FAC_67967823C9,Malta Industrial 10291 Spa Facility 8,Malta,2025-12-24
FAC_ABEEE07FC2,Malta Industrial 10291 Spa Facility 9,Malta,2025-12-24
FAC_BF021FF3BC,Malta Industrial 10291 Spa Facility 10,Malta,2025-12-24
FAC_406D8067F9,Malta Industrial 10291 Spa Facility 11,Malta,2025-12-24
FAC_1CA698ADA6,Malta Industrial 10303 Spa Facility 1,Malta,2025-12-24
FAC_71D9419FB0,Malta Industrial 10303 Spa Facility 2,Malta,2025-12-24
FAC_EC4DCB7629,Malta Industrial 10303 Spa Facility 3,Malta,2025-12-24
FAC_BF6CC1076D,Malta Industrial 10303 Spa Facility 4,Malta,2025-12-24
FAC_E4A52EEBD1,Malta Industrial 10303 Spa Facility 5,Malta,2025-12-24
FAC_2A45216EDE,Malta Industrial 10303 Spa Facility 6,Malta,2025-12-24
FAC_94979BE81F,Malta Industrial 10303 Spa Facility 7,Malta,2025-12-24
FAC_1A1570139D,Malta Industrial 10303 Spa Facility 8,Malta,2025-12-24
FAC_24510DAB4B,Malta Industrial 10303 Spa Facility 9,Malta,2025-12-24
FAC_7751226235,Malta Industrial 10303 Spa Facility 10,Malta,2025-12-24
FAC_F069112355,Malta Industrial 10303 Spa Facility 11,Malta,2025-12-24
FAC_51A9DB1EC3,Malta Industrial 10303 Spa Facility 12,Malta,2025-12-24
FAC_B2A89FE52D,Malta Industrial 10307 Facility 1,Malta,2025-12-24
FAC_03D638FA0B,Malta Industrial 10314 Lda Facility 1,Malta,2025-12-24
FAC_9A755A07A6,Malta Industrial 10314 Lda Facility 2,Malta,2025-12-24
FAC_4DDA263D07,Malta Industrial 10314 Lda Facility 3,Malta,2025-12-24
FAC_773BBB6DB2,Malta Industrial 10314 Lda Facility 4,Malta,2025-12-24
FAC_366D857576,Malta Industrial 10314 Lda Facility 5,Malta,2025-12-24
FAC_6AFBB430EA,Malta Industrial 10314 Lda Facility 6,Malta,2025-12-24
FAC_072DCBB715,Malta Industrial 10314 Lda Facility 7,Malta,2025-12-24
FAC_822967F05A,Malta Industrial 10314 Lda Facility 8,Malta,2025-12-24
FAC_446C000069,Malta Industrial 10314 Lda Facility 9,Malta,2025-12-24
FAC_1FD76F3F65,Malta Industrial 10314 Lda Facility 10,Malta,2025-12-24
FAC_4EB14F5765,Malta Industrial 10441 Facility 1,Malta,2025-12-24
FAC_2BDC3440F4,Malta Industrial 10441 Facility 2,Malta,2025-12-24
FAC_37CE01FC68,Malta Industrial 10441 Facility 3,Malta,2025-12-24
FAC_9594FBCDD1,Malta Industrial 10446 Spa Facility 1,Malta,2025-12-24
FAC_26874B5E57,Malta Industrial 10446 Spa Facility 2,Malta,2025-12-24
FAC_3ACCA3CE61,Malta Industrial 10446 Spa Facility 3,Malta,2025-12-24
FAC_85C72974AB,Malta Industrial 10446 Spa Facility 4,Malta,2025-12-24
FAC_5C18C42BA4,Malta Industrial 10446 Spa Facility 5,Malta,2025-12-24
FAC_B7F06CB16D,Malta Industrial 10446 Spa Facility 6,Malta,2025-12-24
FAC_D6EF358376,Malta Industrial 10446 Spa Facility 7,Malta,2025-12-24
FAC_D202252052,Malta Industrial 10446 Spa Facility 8,Malta,2025-12-24
FAC_B910B015A2,Malta Industrial 10446 Spa Facility 9,Malta,2025-12-24
FAC_304F18DA83,Malta Industrial 10446 Spa Facility 10,Malta,2025-12-24
FAC_9EAFAD5D04,Malta Industrial 10446 Spa Facility 11,Malta,2025-12-24
FAC_CA34A28526,Malta Industrial 10446 Spa Facility 12,Malta,2025-12-24
FAC_AFFEBA752F,Malta Industrial 10555 Spa Facility 1,Malta,2025-12-24
FAC_7D9C78D08E,Malta Industrial 10555 Spa Facility 2,Malta,2025-12-24
FAC_0CAC9A00EF,Malta Industrial 10555 Spa Facility 3,Malta,2025-12-24
FAC_DB0198E139,Malta Industrial 10555 Spa Facility 4,Malta,2025-12-24
FAC_F1306723A9,Malta Industrial 10555 Spa Facility 5,Malta,2025-12-24
FAC_FDCFFF47E9,Malta Industrial 10555 Spa Facility 6,Malta,2025-12-24
FAC_3760A3FF13,Malta Industrial 10555 Spa Facility 7,Malta,2025-12-24
FAC_429DDE1111,Malta Industrial 10555 Spa Facility 8,Malta,2025-12-24
FAC_EA377B815C,Malta Industrial 10555 Spa Facility 9,Malta,2025-12-24
FAC_17EF4DD8EA,Malta Industrial 10555 Spa Facility 10,Malta,2025-12-24
FAC_F915BE5AA5,Malta Industrial 10555 Spa Facility 11,Malta,2025-12-24
FAC_EDC904814E,Malta Industrial 10566 Lda Facility 1,Malta,2025-12-24
FAC_BC74DA5018,Malta Industrial 10566 Lda Facility 2,Malta,2025-12-24
FAC_91E1CE4800,Malta Industrial 10566 Lda Facility 3,Malta,2025-12-24
FAC_A0ADBDD1EE,Malta Industrial 10566 Lda Facility 4,Malta,2025-12-24
FAC_50A1EBC2C9,Malta Industrial 10566 Lda Facility 5,Malta,2025-12-24
FAC_11807D0664,Malta Industrial 10566 Lda Facility 6,Malta,2025-12-24
FAC_436FF9BDE2,Malta Industrial 10566 Lda Facility 7,Malta,2025-12-24
FAC_EA7A0CF913,Malta Industrial 10566 Lda Facility 8,Malta,2025-12-24
FAC_474697ED68,Malta Industrial 10566 Lda Facility 9,Malta,2025-12-24
FAC_66E0089D57,Malta Industrial 10566 Lda Facility 10,Malta,2025-12-24
FAC_F4ADD0A1E4,Malta Industrial 10669 Facility 1,Malta,2025-12-24
FAC_35EB4693C2,Malta Industrial 10669 Facility 2,Malta,2025-12-24
FAC_C39E9644B7,Malta Industrial 10669 Facility 3,Malta,2025-12-24
FAC_DFABB39E57,Malta Industrial 10669 Facility 4,Malta,2025-12-24
FAC_6F7A20E25D,Malta Industrial 10669 Facility 5,Malta,2025-12-24
FAC_3CF799CF31,Malta Industrial 10669 Facility 6,Malta,2025-12-24
FAC_4C84A9EF90,Malta Industrial 10669 Facility 7,Malta,2025-12-24
FAC_906064D997,Malta Industrial 10669 Facility 8,Malta,2025-12-24
FAC_A43DE70266,Malta Industrial 10669 Facility 9,Malta,2025-12-24
FAC_C1362F3C65,Malta Industrial 10669 Facility 10,Malta,2025-12-24
FAC_974229FFE7,Malta Industrial 10669 Facility 11,Malta,2025-12-24
FAC_6296061F24,Malta Industrial 10669 Facility 12,Malta,2025-12-24
FAC_135A2434AB,Malta Industrial 10787 Lda Facility 1,Malta,2025-12-24
FAC_714F46F70D,Malta Industrial 10787 Lda Facility 2,Malta,2025-12-24
FAC_045F597D85,Malta Industrial 10787 Lda Facility 3,Malta,2025-12-24
FAC_19FFDA47E9,Malta Industrial 10787 Lda Facility 4,Malta,2025-12-24
FAC_AC6D570C1C,Malta Industrial 10787 Lda Facility 5,Malta,2025-12-24
FAC_504BCDDC4E,Malta Industrial 10787 Lda Facility 6,Malta,2025-12-24
FAC_9958C8742B,Malta Industrial 10787 Lda Facility 7,Malta,2025-12-24
FAC_66DF630E11,Malta Industrial 10787 Lda Facility 8,Malta,2025-12-24
FAC_59DE956D39,Malta Industrial 11087 Spa Facility 1,Malta,2025-12-24
FAC_507C4A49A6,Malta Industrial 11087 Spa Facility 2,Malta,2025-12-24
FAC_80EB7EAE18,Malta Industrial 11087 Spa Facility 3,Malta,2025-12-24
FAC_36A1E84AE9,Malta Industrial 11087 Spa Facility 4,Malta,2025-12-24
FAC_84CA935F56,Malta Industrial 11087 Spa Facility 5,Malta,2025-12-24
FAC_B523B13800,Malta Industrial 11087 Spa Facility 6,Malta,2025-12-24
FAC_572B524C47,Malta Industrial 11087 Spa Facility 7,Malta,2025-12-24
FAC_E3ED05F6DE,Malta Industrial 11087 Spa Facility 8,Malta,2025-12-24
FAC_02A7CD3BD7,Malta Industrial 11087 Spa Facility 9,Malta,2025-12-24
FAC_56A6D8FEDD,Malta Industrial 11087 Spa Facility 10,Malta,2025-12-24
FAC_F41C38718E,Malta Industrial 11110 Facility 1,Malta,2025-12-24
FAC_7D0DBFD690,Malta Industrial 11110 Facility 2,Malta,2025-12-24
FAC_0D3D2DBAF4,Malta Industrial 11110 Facility 3,Malta,2025-12-24
FAC_ABADD2B7AE,Malta Industrial 11110 Facility 4,Malta,2025-12-24
FAC_A12F9A7E16,Malta Industrial 11110 Facility 5,Malta,2025-12-24
FAC_929D15988F,Malta Industrial 11110 Facility 6,Malta,2025-12-24
FAC_8BFB263979,Malta Industrial 11110 Facility 7,Malta,2025-12-24
FAC_9160D179DE,Malta Industrial 11110 Facility 8,Malta,2025-12-24
FAC_C23D82D226,Malta Industrial 11111 Lda Facility 1,Malta,2025-12-24
FAC_F780668E0A,Malta Industrial 11111 Lda Facility 2,Malta,2025-12-24
FAC_73FAAD1B38,Malta Industrial 11112 Spa Facility 1,Malta,2025-12-24
FAC_C520AAF564,Malta Industrial 11112 Spa Facility 2,Malta,2025-12-24
FAC_AA75A3DD71,Malta Industrial 11112 Spa Facility 3,Malta,2025-12-24
FAC_08CC1D121F,Malta Industrial 11112 Spa Facility 4,Malta,2025-12-24
FAC_C3299CF029,Malta Industrial 11112 Spa Facility 5,Malta,2025-12-24
FAC_41DC65A275,Malta Industrial 11112 Spa Facility 6,Malta,2025-12-24
FAC_7F8534FAF9,Malta Industrial 11112 Spa Facility 7,Malta,2025-12-24
FAC_CEAB622BDC,Malta Industrial 11112 Spa Facility 8,Malta,2025-12-24
FAC_6E385DD953,Malta Industrial 11112 Spa Facility 9,Malta,2025-12-24
FAC_4EBA1D0E81,Malta Industrial 11112 Spa Facility 10,Malta,2025-12-24
FAC_770AA9A595,Malta Industrial 11222 Lda Facility 1,Malta,2025-12-24
FAC_6E34A9BB5B,Malta Industrial 11222 Lda Facility 2,Malta,2025-12-24
FAC_DD603F96CC,Malta Industrial 11223 Facility 1,Malta,2025-12-24
FAC_ED8CD6EBC6,Malta Industrial 11223 Facility 2,Malta,2025-12-24
FAC_870557EEFE,Malta Industrial 11223 Facility 3,Malta,2025-12-24
FAC_B5EDB502B8,Malta Industrial 11223 Facility 4,Malta,2025-12-24
FAC_F96A1E61E7,Malta Industrial 11223 Facility 5,Malta,2025-12-24
FAC_66417C1103,Malta Industrial 11335 Lda Facility 1,Malta,2025-12-24
FAC_50362FE085,Malta Industrial 11335 Lda Facility 2,Malta,2025-12-24
FAC_D170394F43,Malta Industrial 11335 Lda Facility 3,Malta,2025-12-24
FAC_43D6745EC4,Malta Industrial 11335 Lda Facility 4,Malta,2025-12-24
FAC_6B94B7A4E5,Malta Industrial 11335 Lda Facility 5,Malta,2025-12-24
FAC_50383B143B,Malta Industrial 11335 Lda Facility 6,Malta,2025-12-24
FAC_66B75BEE66,Malta Industrial 11335 Lda Facility 7,Malta,2025-12-24
FAC_706D150532,Malta Industrial 11335 Lda Facility 8,Malta,2025-12-24
FAC_1DF455FB86,Malta Industrial 11335 Lda Facility 9,Malta,2025-12-24
FAC_3A8E5697D1,Malta Industrial 11335 Lda Facility 10,Malta,2025-12-24
FAC_B52F5A3A1E,Malta Industrial 11335 Lda Facility 11,Malta,2025-12-24
FAC_D10F6CF12F,Malta Industrial 11364 Spa Facility 1,Malta,2025-12-24
FAC_41353B0D85,Malta Industrial 11364 Spa Facility 2,Malta,2025-12-24
FAC_1548A81999,Malta Industrial 11364 Spa Facility 3,Malta,2025-12-24
FAC_E0010FD415,Malta Industrial 11364 Spa Facility 4,Malta,2025-12-24
FAC_A73B54FF1D,Malta Industrial 11364 Spa Facility 5,Malta,2025-12-24
FAC_6A182C374A,Malta Industrial 11364 Spa Facility 6,Malta,2025-12-24
FAC_AE35DE9BA6,Malta Industrial 11364 Spa Facility 7,Malta,2025-12-24
FAC_10AE094571,Malta Industrial 11364 Spa Facility 8,Malta,2025-12-24
FAC_7201C9C137,Malta Industrial 11455 Facility 1,Malta,2025-12-24
FAC_038005145C,Malta Industrial 11455 Facility 2,Malta,2025-12-24
FAC_2749FF0516,Malta Industrial 11455 Facility 3,Malta,2025-12-24
FAC_AB148303AC,Malta Industrial 11455 Facility 4,Malta,2025-12-24
FAC_46304CFE9A,Malta Industrial 11670 Lda Facility 1,Malta,2025-12-24
FAC_6717F95560,Malta Industrial 11670 Lda Facility 2,Malta,2025-12-24
FAC_1DE4483454,Malta Industrial 11678 Facility 1,Malta,2025-12-24
FAC_109B621B0D,Malta Industrial 11678 Facility 2,Malta,2025-12-24
FAC_887282DEBA,Malta Industrial 11678 Facility 3,Malta,2025-12-24
FAC_6E50915DB7,Malta Industrial 11678 Facility 4,Malta,2025-12-24
FAC_555D9D3ED5,Malta Industrial 11678 Facility 5,Malta,2025-12-24
FAC_BFD532ED44,Malta Industrial 11678 Facility 6,Malta,2025-12-24
FAC_A52DE7049C,Malta Industrial 11678 Facility 7,Malta,2025-12-24
FAC_D355C48C90,Malta Industrial 11678 Facility 8,Malta,2025-12-24
FAC_7846FE7923,Malta Industrial 11678 Facility 9,Malta,2025-12-24
FAC_17C25CFAD5,Malta Industrial 11959 Spa Facility 1,Malta,2025-12-24
FAC_13C4809C45,Malta Industrial 11959 Spa Facility 2,Malta,2025-12-24
FAC_A9B3E69744,Malta Industrial 11959 Spa Facility 3,Malta,2025-12-24
FAC_1E7A67EDF6,Malta Industrial 11959 Spa Facility 4,Malta,2025-12-24
FAC_6BC8606A02,Malta Industrial 11959 Spa Facility 5,Malta,2025-12-24
FAC_697964D907,Malta Industrial 11959 Spa Facility 6,Malta,2025-12-24
FAC_BA57272BB9,Malta Industrial 11959 Spa Facility 7,Malta,2025-12-24
FAC_B3A9434C7A,Malta Industrial 11959 Spa Facility 8,Malta,2025-12-24
FAC_16A56706F1,Malta Industrial 11959 Spa Facility 9,Malta,2025-12-24
FAC_660C66757A,Malta Industrial 11959 Spa Facility 10,Malta,2025-12-24
